prime,prime_valence,target,target_valence,congruency,correct_response,thisN,thisTrialN,thisRepN,key_resp.keys,key_resp.corr,key_resp.rt,key_resp.duration,trials.thisRepN,trials.thisTrialN,trials.thisN,trials.thisIndex,thisRow.t,notes,trial.started,fixation.started,prime_text.started,fixation.stopped,prime_text.stopped,mask_text.started,mask_text.stopped,targer_text.started,key_resp.started,trial.stopped,trials.key_resp.keys,trials.key_resp.corr,trials.key_resp.rt,trials.key_resp.duration,participant,session,date,expName,expVersion,psychopyVersion,frameRate,expStart,
smile,positive,peace,positive,congruent,right,0,0,0,right,1,0.6838106000213884,None,0,0,0,1,0.024671000021044165,,0.021356999990530312,0.024671000021044165,0.5025997000047937,0.5361155000282452,0.6026412000064738,0.6026412000064738,0.7024629000225104,0.7024629000225104,0.7024629000225104,1.4138122000149451,right,1,0.6838106000213884,None,exp-3,001,2025-11-24_16h48.12.735,solo project,,2025.1.1,60.06438901885654,2025-11-24 16h48.23.103139 +0530,
danger,negative,warm,positive,incongruent,left,1,1,0,left,1,0.6990706999786198,None,0,1,1,19,1.4278110000304878,,1.4254588999901898,1.4278110000304878,1.9194207999971695,1.9360793000087142,2.019279000000097,2.019279000000097,2.1194139000144787,2.1194139000144787,2.1194139000144787,2.8209154999931343,left,1,0.6990706999786198,None,exp-3,001,2025-11-24_16h48.12.735,solo project,,2025.1.1,60.06438901885654,2025-11-24 16h48.23.103139 +0530,
fear,negative,danger,negative,congruent,right,2,2,0,left,0,0.6294267000048421,None,0,2,2,8,2.835829999996349,,2.8307582000270486,2.835829999996349,3.3360676000011154,3.3360676000011154,3.43564800004242,3.43564800004242,3.535811999987345,3.535811999987345,3.535811999987345,4.170213400037028,left,0,0.6294267000048421,None,exp-3,001,2025-11-24_16h48.12.735,solo project,,2025.1.1,60.06438901885654,2025-11-24 16h48.23.103139 +0530,
happy,positive,danger,negative,incongruent,left,3,3,0,left,1,0.7432829000172205,None,0,3,3,10,4.186072700016666,,4.1787940000067465,4.186072700016666,4.685898300027475,4.685898300027475,4.785983300011139,4.7694409000105225,4.869111200037878,4.869111200037878,4.869111200037878,5.620354300015606,left,1,0.7432829000172205,None,exp-3,001,2025-11-24_16h48.12.735,solo project,,2025.1.1,60.06438901885654,2025-11-24 16h48.23.103139 +0530,
peace,positive,lonely,negative,incongruent,left,4,4,0,right,0,1.3118710000417195,None,0,4,4,14,5.635723000043072,,5.630214900011197,5.635723000043072,6.1360334000200965,6.1360334000200965,6.2362380000413395,6.2362380000413395,6.335862900014035,6.335862900014035,6.335862900014035,7.653225400019437,right,0,1.3118710000417195,None,exp-3,001,2025-11-24_16h48.12.735,solo project,,2025.1.1,60.06438901885654,2025-11-24 16h48.23.103139 +0530,
disgust,negative,sweet,positive,incongruent,left,5,5,0,right,0,0.8389731000061147,None,0,5,5,16,7.668966400029603,,7.66067519999342,7.668966400029603,8.152451800007839,8.169126200024039,8.252816300024278,8.252816300024278,8.352548800001387,8.352548800001387,8.352548800001387,9.203838700021151,right,0,0.8389731000061147,None,exp-3,001,2025-11-24_16h48.12.735,solo project,,2025.1.1,60.06438901885654,2025-11-24 16h48.23.103139 +0530,
fear,negative,joy,positive,incongruent,left,6,6,0,right,0,0.8626181000145152,None,0,6,6,15,9.219106400036253,,9.212569800030906,9.219106400036253,9.719317300012335,9.719317300012335,9.819318800000474,9.819318800000474,9.91932960000122,9.91932960000122,9.91932960000122,10.786818000022322,right,0,0.8626181000145152,None,exp-3,001,2025-11-24_16h48.12.735,solo project,,2025.1.1,60.06438901885654,2025-11-24 16h48.23.103139 +0530,
happy,positive,joy,positive,congruent,right,7,7,0,right,1,0.8445375000010245,None,0,7,7,0,10.802685800008476,,10.791260900034104,10.802685800008476,11.302616400003899,11.302616400003899,11.402441499987617,11.402441499987617,11.502538700005971,11.502538700005971,11.502538700005971,12.352784599992447,right,1,0.8445375000010245,None,exp-3,001,2025-11-24_16h48.12.735,solo project,,2025.1.1,60.06438901885654,2025-11-24 16h48.23.103139 +0530,
sad,negative,flower,positive,incongruent,left,8,8,0,right,0,0.4793309000087902,None,0,8,8,17,12.368950400035828,,12.357450400013477,12.368950400035828,12.852478599990718,12.869164200033993,12.9525527000078,12.9525527000078,13.052483000035863,13.052483000035863,13.052483000035863,13.536351700022351,right,0,0.4793309000087902,None,exp-3,001,2025-11-24_16h48.12.735,solo project,,2025.1.1,60.06438901885654,2025-11-24 16h48.23.103139 +0530,
smile,positive,pain,negative,incongruent,left,9,9,0,left,1,0.6095217000111006,None,0,9,9,12,13.552563000004739,,13.541013700014446,13.552563000004739,14.03596990002552,14.05263680004282,14.135775800037663,14.135775800037663,14.23597229999723,14.23597229999723,14.23597229999723,14.853492300026119,left,1,0.6095217000111006,None,exp-3,001,2025-11-24_16h48.12.735,solo project,,2025.1.1,60.06438901885654,2025-11-24 16h48.23.103139 +0530,
angry,negative,pain,negative,congruent,right,10,10,0,left,0,0.7021664999774657,None,0,10,10,5,14.86906470003305,,14.858399700024165,14.86906470003305,15.352851300034672,15.369597900018562,15.45266290003201,15.45266290003201,15.55268960003741,15.56912330002524,15.56912330002524,16.286420400021598,left,0,0.7021664999774657,None,exp-3,001,2025-11-24_16h48.12.735,solo project,,2025.1.1,60.06438901885654,2025-11-24 16h48.23.103139 +0530,
love,positive,war,negative,incongruent,left,11,11,0,left,1,0.5716875999933109,None,0,11,11,11,16.30267060000915,,16.293194200028665,16.30267060000915,16.785703200032003,16.80240570002934,16.88572290004231,16.88572290004231,16.985997200012207,16.985997200012207,16.985997200012207,17.570227799995337,left,1,0.5716875999933109,None,exp-3,001,2025-11-24_16h48.12.735,solo project,,2025.1.1,60.06438901885654,2025-11-24 16h48.23.103139 +0530,
disgust,negative,rotten,negative,congruent,right,12,12,0,left,0,1.0469968999968842,None,0,12,12,7,17.58612190000713,,17.57958130002953,17.58612190000713,18.085804100031964,18.085804100031964,18.185563000035472,18.185563000035472,18.28575560002355,18.28575560002355,18.28575560002355,19.33690910000587,left,0,1.0469968999968842,None,exp-3,001,2025-11-24_16h48.12.735,solo project,,2025.1.1,60.06438901885654,2025-11-24 16h48.23.103139 +0530,
sad,negative,lonely,negative,congruent,right,13,13,0,left,0,1.697368000051938,None,0,13,13,9,19.35275499999989,,19.34569139999803,19.35275499999989,19.836519600008614,19.853086800023448,19.936124800005928,19.952864599996246,20.05262740002945,20.035920199996326,20.035920199996326,21.736800600017887,left,0,1.697368000051938,None,exp-3,001,2025-11-24_16h48.12.735,solo project,,2025.1.1,60.06438901885654,2025-11-24 16h48.23.103139 +0530,
love,positive,sweet,positive,congruent,right,14,14,0,right,1,0.5793101000017487,None,0,14,14,3,21.752376899996307,,21.741769700020086,21.752376899996307,22.235899600025732,22.253114600025583,22.33603880001465,22.352881400031038,22.452919800009113,22.435813700023573,22.435813700023573,23.02029399998719,right,1,0.5793101000017487,None,exp-3,001,2025-11-24_16h48.12.735,solo project,,2025.1.1,60.06438901885654,2025-11-24 16h48.23.103139 +0530,
kind,positive,warm,positive,congruent,right,15,15,0,right,1,0.9170620000222698,None,0,15,15,2,23.03563140000915,,23.029404900036752,23.03563140000915,23.535506099986378,23.535506099986378,23.635608500044327,23.635608500044327,23.735841799993068,23.735841799993068,23.735841799993068,24.669824000040535,right,1,0.9170620000222698,None,exp-3,001,2025-11-24_16h48.12.735,solo project,,2025.1.1,60.06438901885654,2025-11-24 16h48.23.103139 +0530,
hatred,negative,peace,positive,incongruent,left,16,16,0,right,0,0.5400818000198342,None,0,16,16,18,24.686033900012262,,24.678633200004697,24.686033900012262,25.16910550004104,25.185849500005133,25.26935090002371,25.26935090002371,25.36920940002892,25.36920940002892,25.36920940002892,25.920028000022285,right,0,0.5400818000198342,None,exp-3,001,2025-11-24_16h48.12.735,solo project,,2025.1.1,60.06438901885654,2025-11-24 16h48.23.103139 +0530,
hatred,negative,war,negative,congruent,right,17,17,0,left,0,0.6303755000117235,None,0,17,17,6,25.936200099997222,,25.924780000001192,25.936200099997222,26.419372000033036,26.435950200015213,26.519221700029448,26.519221700029448,26.618690800038166,26.618690800038166,26.618690800038166,27.252781299990602,left,0,0.6303755000117235,None,exp-3,001,2025-11-24_16h48.12.735,solo project,,2025.1.1,60.06438901885654,2025-11-24 16h48.23.103139 +0530,
warm,positive,rotten,negative,incongruent,left,18,18,0,left,1,4.075651400024071,None,0,18,18,13,27.269025999994483,,27.256810599996243,27.269025999994483,27.752946400025394,27.76942060003057,27.85279780003475,27.85279780003475,27.95238780003274,27.95238780003274,27.95238780003274,32.03645569999935,left,1,4.075651400024071,None,exp-3,001,2025-11-24_16h48.12.735,solo project,,2025.1.1,60.06438901885654,2025-11-24 16h48.23.103139 +0530,
calm,positive,flower,positive,congruent,right,19,19,0,right,1,0.5548503000172786,None,0,19,19,4,32.052828199986834,,32.045358400035184,32.052828199986834,32.53580489999149,32.55249490001006,32.63537410000572,32.63537410000572,32.735415300005116,32.75224800000433,32.75224800000433,33.319470799993724,right,1,0.5548503000172786,None,exp-3,001,2025-11-24_16h48.12.735,solo project,,2025.1.1,60.06438901885654,2025-11-24 16h48.23.103139 +0530,
hatred,negative,peace,positive,incongruent,left,20,0,1,right,0,0.5547904000268318,None,1,0,20,18,33.33551340003032,,33.32690889999503,33.33551340003032,33.81926459999522,33.835858900041785,33.918927300022915,33.918927300022915,34.0192790000001,34.0192790000001,34.0192790000001,34.58608189999359,right,0,0.5547904000268318,None,exp-3,001,2025-11-24_16h48.12.735,solo project,,2025.1.1,60.06438901885654,2025-11-24 16h48.23.103139 +0530,
love,positive,war,negative,incongruent,left,21,1,1,left,1,1.0381998000084423,None,1,1,21,11,34.60244310001144,,34.592337500012945,34.60244310001144,35.085950700042304,35.10250470001483,35.18571210000664,35.18571210000664,35.286043800006155,35.286043800006155,35.286043800006155,36.336964200017974,left,1,1.0381998000084423,None,exp-3,001,2025-11-24_16h48.12.735,solo project,,2025.1.1,60.06438901885654,2025-11-24 16h48.23.103139 +0530,
peace,positive,lonely,negative,incongruent,left,22,2,1,left,1,3.1799181000096723,None,1,2,22,14,36.40338350000093,,36.40032549999887,36.40338350000093,36.85273370001232,36.90260060003493,36.95272110000951,36.95272110000951,37.052513600036036,37.052513600036036,37.052513600036036,40.236974800005555,left,1,3.1799181000096723,None,exp-3,001,2025-11-24_16h48.12.735,solo project,,2025.1.1,60.06438901885654,2025-11-24 16h48.23.103139 +0530,
fear,negative,danger,negative,congruent,right,23,3,1,left,0,0.8989071999676526,None,1,3,23,8,40.25250360002974,,40.245519099989906,40.25250360002974,40.75256650004303,40.75256650004303,40.85268100001849,40.85268100001849,40.95265759999165,40.95265759999165,40.95265759999165,41.85348300001351,left,0,0.8989071999676526,None,exp-3,001,2025-11-24_16h48.12.735,solo project,,2025.1.1,60.06438901885654,2025-11-24 16h48.23.103139 +0530,
smile,positive,peace,positive,congruent,right,24,4,1,right,1,1.7212096999865025,None,1,4,24,1,41.868892600003164,,41.861101099988446,41.868892600003164,42.35250300000189,42.36888560000807,42.452466499991715,42.452466499991715,42.552467500034254,42.552467500034254,42.552467500034254,44.285986400034744,right,1,1.7212096999865025,None,exp-3,001,2025-11-24_16h48.12.735,solo project,,2025.1.1,60.06438901885654,2025-11-24 16h48.23.103139 +0530,
smile,positive,pain,negative,incongruent,left,25,5,1,left,1,2.9622911000042222,None,1,5,25,12,44.3023084999877,,44.28831130004255,44.3023084999877,44.785695900034625,44.80263109999942,44.88606280001113,44.88606280001113,44.985942900006194,44.985942900006194,44.985942900006194,47.95284400001401,left,1,2.9622911000042222,None,exp-3,001,2025-11-24_16h48.12.735,solo project,,2025.1.1,60.06438901885654,2025-11-24 16h48.23.103139 +0530,
calm,positive,flower,positive,congruent,right,26,6,1,right,1,0.5592696000239812,None,1,6,26,4,47.96916490001604,,47.95664739998756,47.96916490001604,48.45210759999463,48.46886170003563,48.552215600037016,48.552215600037016,48.65263309999136,48.65263309999136,48.65263309999136,49.220139100041706,right,1,0.5592696000239812,None,exp-3,001,2025-11-24_16h48.12.735,solo project,,2025.1.1,60.06438901885654,2025-11-24 16h48.23.103139 +0530,
happy,positive,joy,positive,congruent,right,27,7,1,right,1,0.7354495999752544,None,1,7,27,0,49.23579730000347,,49.226734500029124,49.23579730000347,49.718997000018135,49.73597899999004,49.81884820002597,49.836025100026745,49.93568009999581,49.93568009999581,49.93568009999581,50.68595750001259,right,1,0.7354495999752544,None,exp-3,001,2025-11-24_16h48.12.735,solo project,,2025.1.1,60.06438901885654,2025-11-24 16h48.23.103139 +0530,
warm,positive,rotten,negative,incongruent,left,28,8,1,left,1,0.5893197000259534,None,1,8,28,13,50.70211770001333,,50.690475600014906,50.70211770001333,51.18579350004438,51.20246609998867,51.285807200009,51.285807200009,51.38586929999292,51.38586929999292,51.38586929999292,51.986616600013804,left,1,0.5893197000259534,None,exp-3,001,2025-11-24_16h48.12.735,solo project,,2025.1.1,60.06438901885654,2025-11-24 16h48.23.103139 +0530,
sad,negative,lonely,negative,congruent,right,29,9,1,left,0,1.2558866000035778,None,1,9,29,9,52.002424100006465,,51.992390000028536,52.002424100006465,52.502660600002855,52.502660600002855,52.60247750004055,52.60247750004055,52.7025183000369,52.7025183000369,52.7025183000369,53.96914790000301,left,0,1.2558866000035778,None,exp-3,001,2025-11-24_16h48.12.735,solo project,,2025.1.1,60.06438901885654,2025-11-24 16h48.23.103139 +0530,
danger,negative,warm,positive,incongruent,left,30,10,1,right,0,1.0834388000075705,None,1,10,30,19,53.98576310003409,,53.97237650002353,53.98576310003409,54.468965200008824,54.485845700022765,54.56882139999652,54.56882139999652,54.669026600022335,54.669026600022335,54.669026600022335,55.7697535000043,right,0,1.0834388000075705,None,exp-3,001,2025-11-24_16h48.12.735,solo project,,2025.1.1,60.06438901885654,2025-11-24 16h48.23.103139 +0530,
disgust,negative,sweet,positive,incongruent,left,31,11,1,right,0,0.5977030000067316,None,1,11,31,16,55.78560510004172,,55.77638420002768,55.78560510004172,56.26910070003942,56.285897099995054,56.368686600006185,56.368686600006185,56.46882320003351,56.46882320003351,56.46882320003351,57.069665500021074,right,0,0.5977030000067316,None,exp-3,001,2025-11-24_16h48.12.735,solo project,,2025.1.1,60.06438901885654,2025-11-24 16h48.23.103139 +0530,
fear,negative,joy,positive,incongruent,left,32,12,1,right,0,0.5846268000314012,None,1,12,32,15,57.08540630002972,,57.077341700030956,57.08540630002972,57.56932040001266,57.5856066000415,57.668712500017136,57.668712500017136,57.76904119999381,57.76904119999381,57.76904119999381,58.36990859999787,right,0,0.5846268000314012,None,exp-3,001,2025-11-24_16h48.12.735,solo project,,2025.1.1,60.06438901885654,2025-11-24 16h48.23.103139 +0530,
kind,positive,warm,positive,congruent,right,33,13,1,right,1,0.8018042999901809,None,1,13,33,2,58.38591860001907,,58.37918950000312,58.38591860001907,58.88533369998913,58.88533369998913,58.985462500015274,58.985462500015274,59.0853991000331,59.0853991000331,59.0853991000331,59.90271190000931,right,1,0.8018042999901809,None,exp-3,001,2025-11-24_16h48.12.735,solo project,,2025.1.1,60.06438901885654,2025-11-24 16h48.23.103139 +0530,
sad,negative,flower,positive,incongruent,left,34,14,1,right,0,0.5407169000245631,None,1,14,34,17,59.91881760000251,,59.90642630000366,59.91881760000251,60.40266210003756,60.41917070001364,60.502472200023476,60.502472200023476,60.60227830003714,60.60227830003714,60.60227830003714,61.15329580003163,right,0,0.5407169000245631,None,exp-3,001,2025-11-24_16h48.12.735,solo project,,2025.1.1,60.06438901885654,2025-11-24 16h48.23.103139 +0530,
happy,positive,danger,negative,incongruent,left,35,15,1,left,1,0.6155770000186749,None,1,15,35,10,61.1688787000021,,61.16240959998686,61.1688787000021,61.652218600036576,61.66908020002302,61.75245550001273,61.75245550001273,61.85228799999459,61.86924030003138,61.86924030003138,62.48711390001699,left,1,0.6155770000186749,None,exp-3,001,2025-11-24_16h48.12.735,solo project,,2025.1.1,60.06438901885654,2025-11-24 16h48.23.103139 +0530,
angry,negative,pain,negative,congruent,right,36,16,1,left,0,1.0745476000010967,None,1,16,36,5,62.50227380002616,,62.49610600003507,62.50227380002616,63.00200959999347,63.00200959999347,63.10224850004306,63.10224850004306,63.20205399999395,63.20205399999395,63.20205399999395,64.28628180001397,left,0,1.0745476000010967,None,exp-3,001,2025-11-24_16h48.12.735,solo project,,2025.1.1,60.06438901885654,2025-11-24 16h48.23.103139 +0530,
hatred,negative,war,negative,congruent,right,37,17,1,left,0,0.7757261000224389,None,1,17,37,6,64.30201780004427,,64.29071020003175,64.30201780004427,64.78581239999039,64.80228900001384,64.88543270004448,64.90238630003296,65.00245400000131,64.98564339999575,64.98564339999575,65.7692922000424,left,0,0.7757261000224389,None,exp-3,001,2025-11-24_16h48.12.735,solo project,,2025.1.1,60.06438901885654,2025-11-24 16h48.23.103139 +0530,
disgust,negative,rotten,negative,congruent,right,38,18,1,left,0,0.8134357999661006,None,1,18,38,7,65.78551250003511,,65.77264720003586,65.78551250003511,66.26900130003924,66.28546169999754,66.36866979999468,66.36866979999468,66.46889220003504,66.46889220003504,66.46889220003504,67.28655040002195,left,0,0.8134357999661006,None,exp-3,001,2025-11-24_16h48.12.735,solo project,,2025.1.1,60.06438901885654,2025-11-24 16h48.23.103139 +0530,
love,positive,sweet,positive,congruent,right,39,19,1,right,1,0.48997399996733293,None,1,19,39,3,67.30224940000335,,67.29665770003339,67.30224940000335,67.80257400003029,67.80257400003029,67.90245310001774,67.8859136000392,67.98580210004002,68.00232430000324,68.00232430000324,68.50325820001308,right,1,0.48997399996733293,None,exp-3,001,2025-11-24_16h48.12.735,solo project,,2025.1.1,60.06438901885654,2025-11-24 16h48.23.103139 +0530,
angry,negative,pain,negative,congruent,right,40,0,2,left,0,0.7076006999704987,None,2,0,40,5,68.51871279999614,,68.51121850003256,68.51871279999614,69.0024085000041,69.01863820001017,69.10214640002232,69.11861270002555,69.21914649999235,69.21914649999235,69.21914649999235,69.9366571000428,left,0,0.7076006999704987,None,exp-3,001,2025-11-24_16h48.12.735,solo project,,2025.1.1,60.06438901885654,2025-11-24 16h48.23.103139 +0530,
danger,negative,warm,positive,incongruent,left,41,1,2,right,0,0.8674272000207566,None,2,1,41,19,69.95243280002614,,69.94629160000477,69.95243280002614,70.45207980001578,70.45207980001578,70.5522609000327,70.5522609000327,70.65217270003632,70.65217270003632,70.65217270003632,71.53692300000694,right,0,0.8674272000207566,None,exp-3,001,2025-11-24_16h48.12.735,solo project,,2025.1.1,60.06438901885654,2025-11-24 16h48.23.103139 +0530,
smile,positive,peace,positive,congruent,right,42,2,2,right,1,0.6302019000286236,None,2,2,42,1,71.55228050000733,,71.54357199999504,71.55228050000733,72.0523582000169,72.0523582000169,72.15244840004016,72.15244840004016,72.25250900001265,72.25250900001265,72.25250900001265,72.88640030001989,right,1,0.6302019000286236,None,exp-3,001,2025-11-24_16h48.12.735,solo project,,2025.1.1,60.06438901885654,2025-11-24 16h48.23.103139 +0530,
disgust,negative,sweet,positive,incongruent,left,43,3,2,right,0,0.866706200002227,None,2,3,43,16,72.90223420003895,,72.89472229999956,72.90223420003895,73.40234150004108,73.40234150004108,73.50239460001467,73.4857165000285,73.58555310004158,73.58555310004158,73.58555310004158,74.4693262000219,right,0,0.866706200002227,None,exp-3,001,2025-11-24_16h48.12.735,solo project,,2025.1.1,60.06438901885654,2025-11-24 16h48.23.103139 +0530,
happy,positive,joy,positive,congruent,right,44,4,2,right,1,0.6207374999648891,None,2,4,44,0,74.48583820002386,,74.4746249000309,74.48583820002386,74.96877730003325,74.98570670001209,75.06909990002168,75.06909990002168,75.16933460003929,75.16933460003929,75.16933460003929,75.80245930003002,right,1,0.6207374999648891,None,exp-3,001,2025-11-24_16h48.12.735,solo project,,2025.1.1,60.06438901885654,2025-11-24 16h48.23.103139 +0530,
sad,negative,lonely,negative,congruent,right,45,5,2,left,0,1.1080451000016183,None,2,5,45,9,75.81847290002042,,75.80598569998983,75.81847290002042,76.3022666000179,76.31926300004125,76.40244770003483,76.40244770003483,76.50258349999785,76.50258349999785,76.50258349999785,77.61956070002634,left,0,1.1080451000016183,None,exp-3,001,2025-11-24_16h48.12.735,solo project,,2025.1.1,60.06438901885654,2025-11-24 16h48.23.103139 +0530,
love,positive,war,negative,incongruent,left,46,6,2,left,1,0.5975607000291348,None,2,6,46,11,77.63579339999706,,77.62715250003384,77.63579339999706,78.1190135999932,78.1356797000044,78.21877630002564,78.23569510004018,78.33585750003112,78.31876290001674,78.31876290001674,78.91980159998639,left,1,0.5975607000291348,None,exp-3,001,2025-11-24_16h48.12.735,solo project,,2025.1.1,60.06438901885654,2025-11-24 16h48.23.103139 +0530,
peace,positive,lonely,negative,incongruent,left,47,7,2,left,1,0.6625681999721564,None,2,7,47,14,78.93523110001115,,78.92697640002007,78.93523110001115,79.41891190002207,79.43577149999328,79.51895960001275,79.51895960001275,79.61899200000335,79.63558280002326,79.63558280002326,80.3028903999948,left,1,0.6625681999721564,None,exp-3,001,2025-11-24_16h48.12.735,solo project,,2025.1.1,60.06438901885654,2025-11-24 16h48.23.103139 +0530,
fear,negative,danger,negative,congruent,right,48,8,2,left,0,0.497378200001549,None,2,8,48,8,80.31902360002277,,80.30901130003622,80.31902360002277,80.80213480000384,80.81878150004195,80.9021272000391,80.9021272000391,81.00184010004159,81.0183662000345,81.0183662000345,81.51946849998785,left,0,0.497378200001549,None,exp-3,001,2025-11-24_16h48.12.735,solo project,,2025.1.1,60.06438901885654,2025-11-24 16h48.23.103139 +0530,
kind,positive,warm,positive,congruent,right,49,9,2,left,0,0.6131301000132225,None,2,9,49,2,81.53583270002855,,81.52929620002396,81.53583270002855,82.03564910002751,82.03564910002751,82.1355567999999,82.11825850000605,82.21880800003419,82.21880800003419,82.21880800003419,82.83639740000945,left,0,0.6131301000132225,None,exp-3,001,2025-11-24_16h48.12.735,solo project,,2025.1.1,60.06438901885654,2025-11-24 16h48.23.103139 +0530,
warm,positive,rotten,negative,incongruent,left,50,10,2,left,1,0.6606655000359751,None,2,10,50,13,82.85219780000625,,82.84565910004312,82.85219780000625,83.33592550002504,83.35218350001378,83.43587500002468,83.452419200039,83.55242750002071,83.55242750002071,83.55242750002071,84.21896550001111,left,1,0.6606655000359751,None,exp-3,001,2025-11-24_16h48.12.735,solo project,,2025.1.1,60.06438901885654,2025-11-24 16h48.23.103139 +0530,
calm,positive,flower,positive,congruent,right,51,11,2,right,1,0.5989244999946095,None,2,11,51,4,84.23532370000612,,84.22424760001013,84.23532370000612,84.71898350003175,84.73519790003775,84.81863739999244,84.81863739999244,84.9189214000362,84.9189214000362,84.9189214000362,85.51977310003713,right,1,0.5989244999946095,None,exp-3,001,2025-11-24_16h48.12.735,solo project,,2025.1.1,60.06438901885654,2025-11-24 16h48.23.103139 +0530,
hatred,negative,war,negative,congruent,right,52,12,2,left,0,0.3861497000325471,None,2,12,52,6,85.53557910001837,,85.52734760002932,85.53557910001837,86.0188909000135,86.03508250002051,86.11851820000447,86.13546329998644,86.23534880002262,86.23534880002262,86.23534880002262,86.63685810001334,left,0,0.3861497000325471,None,exp-3,001,2025-11-24_16h48.12.735,solo project,,2025.1.1,60.06438901885654,2025-11-24 16h48.23.103139 +0530,
sad,negative,flower,positive,incongruent,left,53,13,2,right,0,0.40258579998044297,None,2,13,53,17,86.6521805000375,,86.6446482000174,86.6521805000375,87.1520258000237,87.1520258000237,87.25224270002218,87.25224270002218,87.35181369999191,87.35181369999191,87.35181369999191,87.76958160003414,right,0,0.40258579998044297,None,exp-3,001,2025-11-24_16h48.12.735,solo project,,2025.1.1,60.06438901885654,2025-11-24 16h48.23.103139 +0530,
love,positive,sweet,positive,congruent,right,54,14,2,left,0,0.4276184000191279,None,2,14,54,3,87.78559949999908,,87.77654220000841,87.78559949999908,88.26890210004058,88.28549550002208,88.36912940000184,88.36912940000184,88.46887630003039,88.46887630003039,88.46887630003039,88.90312730002915,left,0,0.4276184000191279,None,exp-3,001,2025-11-24_16h48.12.735,solo project,,2025.1.1,60.06438901885654,2025-11-24 16h48.23.103139 +0530,
disgust,negative,rotten,negative,congruent,right,55,15,2,left,0,0.578730600012932,None,2,15,55,7,88.91877729998669,,88.91344329999993,88.91877729998669,89.40268619998824,89.41891920001945,89.50247940002009,89.50247940002009,89.60232870001346,89.60232870001346,89.60232870001346,90.18611569999484,left,0,0.578730600012932,None,exp-3,001,2025-11-24_16h48.12.735,solo project,,2025.1.1,60.06438901885654,2025-11-24 16h48.23.103139 +0530,
hatred,negative,peace,positive,incongruent,left,56,16,2,left,1,0.4805995000060648,None,2,16,56,18,90.2022900999873,,90.19221780000953,90.2022900999873,90.68528840004001,90.70190809998894,90.78497159999097,90.80174419999821,90.90175680001266,90.90175680001266,90.90175680001266,91.38566170004196,left,1,0.4805995000060648,None,exp-3,001,2025-11-24_16h48.12.735,solo project,,2025.1.1,60.06438901885654,2025-11-24 16h48.23.103139 +0530,
smile,positive,pain,negative,incongruent,left,57,17,2,left,1,0.6302231000154279,None,2,17,57,12,91.40202259999933,,91.38946560001932,91.40202259999933,91.8859273000271,91.90210240002489,91.98556629999075,91.98556629999075,92.08558810001705,92.08558810001705,92.08558810001705,92.71877360000508,left,1,0.6302231000154279,None,exp-3,001,2025-11-24_16h48.12.735,solo project,,2025.1.1,60.06438901885654,2025-11-24 16h48.23.103139 +0530,
fear,negative,joy,positive,incongruent,left,58,18,2,right,0,0.491922999965027,None,2,18,58,15,92.73561590001918,,92.72123020002618,92.73561590001918,93.2187191999983,93.23534070001915,93.31891209998867,93.31891209998867,93.42005409998819,93.42005409998819,93.42005409998819,93.92018220003229,right,0,0.491922999965027,None,exp-3,001,2025-11-24_16h48.12.735,solo project,,2025.1.1,60.06438901885654,2025-11-24 16h48.23.103139 +0530,
happy,positive,danger,negative,incongruent,left,59,19,2,left,1,0.9044608999975026,None,2,19,59,10,93.93557090003742,,93.92924490000587,93.93557090003742,94.4351588000427,94.4351588000427,94.53529430000344,94.53529430000344,94.63564729999052,94.63564729999052,94.63564729999052,95.55291480000596,left,1,0.9044608999975026,None,exp-3,001,2025-11-24_16h48.12.735,solo project,,2025.1.1,60.06438901885654,2025-11-24 16h48.23.103139 +0530,
angry,negative,pain,negative,congruent,right,60,0,3,left,0,1.050425199966412,None,3,0,60,5,95.56915830000071,,95.55857729999116,95.56915830000071,96.0521595000173,96.0686163000064,96.15192189998925,96.15192189998925,96.25211699999636,96.25211699999636,96.25211699999636,97.3198331000167,left,0,1.050425199966412,None,exp-3,001,2025-11-24_16h48.12.735,solo project,,2025.1.1,60.06438901885654,2025-11-24 16h48.23.103139 +0530,
warm,positive,rotten,negative,incongruent,left,61,1,3,left,1,0.705688200017903,None,3,1,61,13,97.33566199999768,,97.32815950002987,97.33566199999768,97.81852130003972,97.83569840004202,97.9185870999936,97.9185870999936,98.01898960000835,98.03549099998781,98.03549099998781,98.75243059999775,left,1,0.705688200017903,None,exp-3,001,2025-11-24_16h48.12.735,solo project,,2025.1.1,60.06438901885654,2025-11-24 16h48.23.103139 +0530,
peace,positive,lonely,negative,incongruent,left,62,2,3,left,1,1.0632766000344418,None,3,2,62,14,98.76884430000791,,98.7567771000322,98.76884430000791,99.25209480000194,99.26891320000868,99.35203350003576,99.35203350003576,99.45191000000341,99.45191000000341,99.45191000000341,100.51949289999902,left,1,1.0632766000344418,None,exp-3,001,2025-11-24_16h48.12.735,solo project,,2025.1.1,60.06438901885654,2025-11-24 16h48.23.103139 +0530,
danger,negative,warm,positive,incongruent,left,63,3,3,right,0,1.012894099985715,None,3,3,63,19,100.53534990001936,,100.5272338000359,100.53534990001936,101.01878839998972,101.03544120001607,101.11831210000673,101.13539430004312,101.23535979998996,101.23535979998996,101.23535979998996,102.25223030004418,right,0,1.012894099985715,None,exp-3,001,2025-11-24_16h48.12.735,solo project,,2025.1.1,60.06438901885654,2025-11-24 16h48.23.103139 +0530,
disgust,negative,rotten,negative,congruent,right,64,4,3,left,0,0.5992772000026889,None,3,4,64,7,102.26888520002831,,102.25519940000959,102.26888520002831,102.75236990000121,102.76829899998847,102.8519379000063,102.8519379000063,102.9518117000116,102.9518117000116,102.9518117000116,103.5532288000104,left,0,0.5992772000026889,None,exp-3,001,2025-11-24_16h48.12.735,solo project,,2025.1.1,60.06438901885654,2025-11-24 16h48.23.103139 +0530,
happy,positive,danger,negative,incongruent,left,65,5,3,left,1,0.6272868000087328,None,3,5,65,10,103.56909790000645,,103.5627647000365,103.56909790000645,104.05220420000842,104.06827340001473,104.15219180000713,104.15219180000713,104.25214649998816,104.26849889999721,104.26849889999721,104.90214910003124,left,1,0.6272868000087328,None,exp-3,001,2025-11-24_16h48.12.735,solo project,,2025.1.1,60.06438901885654,2025-11-24 16h48.23.103139 +0530,
sad,negative,flower,positive,incongruent,left,66,6,3,right,0,0.5496753999614157,None,3,6,66,17,104.91837840003427,,104.90623020002386,104.91837840003427,105.4022413000348,105.4184346999973,105.5019508000114,105.5019508000114,105.60220760002267,105.60220760002267,105.60220760002267,106.15313620003872,right,0,0.5496753999614157,None,exp-3,001,2025-11-24_16h48.12.735,solo project,,2025.1.1,60.06438901885654,2025-11-24 16h48.23.103139 +0530,
smile,positive,pain,negative,incongruent,left,67,7,3,left,1,1.2251615999848582,None,3,7,67,12,106.16889480000827,,106.15761170000769,106.16889480000827,106.65227580000646,106.66852920001838,106.75246190000325,106.75246190000325,106.85225050000008,106.8689088000101,106.8689088000101,108.10312869999325,left,1,1.2251615999848582,None,exp-3,001,2025-11-24_16h48.12.735,solo project,,2025.1.1,60.06438901885654,2025-11-24 16h48.23.103139 +0530,
love,positive,sweet,positive,congruent,right,68,8,3,right,1,0.45739850000245497,None,3,8,68,3,108.1186757000396,,108.11115060001612,108.1186757000396,108.60237869998673,108.61866810003994,108.70222650002688,108.70222650002688,108.8023199000163,108.8023199000163,108.8023199000163,109.26958140003262,right,1,0.45739850000245497,None,exp-3,001,2025-11-24_16h48.12.735,solo project,,2025.1.1,60.06438901885654,2025-11-24 16h48.23.103139 +0530,
happy,positive,joy,positive,congruent,right,69,9,3,right,1,0.5502927999477834,None,3,9,69,0,109.28568140004063,,109.27768350002589,109.28568140004063,109.76874910003971,109.7855027000187,109.86842880002223,109.86842880002223,109.96840840001823,109.96840840001823,109.96840840001823,110.51985450001666,right,1,0.5502927999477834,None,exp-3,001,2025-11-24_16h48.12.735,solo project,,2025.1.1,60.06438901885654,2025-11-24 16h48.23.103139 +0530,
hatred,negative,war,negative,congruent,right,70,10,3,left,0,0.6735984000260942,None,3,10,70,6,110.5357820999925,,110.52595770003973,110.5357820999925,111.03561000002082,111.03561000002082,111.13562940002885,111.13562940002885,111.23513710004045,111.23513710004045,111.23513710004045,111.91877930000192,left,0,0.6735984000260942,None,exp-3,001,2025-11-24_16h48.12.735,solo project,,2025.1.1,60.06438901885654,2025-11-24 16h48.23.103139 +0530,
hatred,negative,peace,positive,incongruent,left,71,11,3,right,0,0.6603424999630079,None,3,11,71,18,111.93526679999195,,111.92096910002874,111.93526679999195,112.41827389999526,112.43539860000601,112.51869050000096,112.51869050000096,112.61844600003678,112.61844600003678,112.61844600003678,113.28657910000766,right,0,0.6603424999630079,None,exp-3,001,2025-11-24_16h48.12.735,solo project,,2025.1.1,60.06438901885654,2025-11-24 16h48.23.103139 +0530,
disgust,negative,sweet,positive,incongruent,left,72,12,3,right,0,0.5999539999756962,None,3,12,72,16,113.30208769999444,,113.29693920002319,113.30208769999444,113.80244699999457,113.80244699999457,113.90188920003129,113.90188920003129,114.0021921999869,114.0021921999869,114.0021921999869,114.60305470001185,right,0,0.5999539999756962,None,exp-3,001,2025-11-24_16h48.12.735,solo project,,2025.1.1,60.06438901885654,2025-11-24 16h48.23.103139 +0530,
smile,positive,peace,positive,congruent,right,73,13,3,right,1,0.7859531999565661,None,3,13,73,1,114.61886769998819,,114.6118800000404,114.61886769998819,115.1023404999869,115.11902949999785,115.20198340003844,115.20198340003844,115.3019978000084,115.3019978000084,115.3019978000084,116.10286020004423,right,1,0.7859531999565661,None,exp-3,001,2025-11-24_16h48.12.735,solo project,,2025.1.1,60.06438901885654,2025-11-24 16h48.23.103139 +0530,
fear,negative,danger,negative,congruent,right,74,14,3,left,0,0.7896497999900021,None,3,14,74,8,116.11841130000539,,116.11080230004154,116.11841130000539,116.6020308000152,116.61850580002647,116.70185340003809,116.71848790004151,116.81840839999495,116.80204450001474,116.80204450001474,117.60225719999289,left,0,0.7896497999900021,None,exp-3,001,2025-11-24_16h48.12.735,solo project,,2025.1.1,60.06438901885654,2025-11-24 16h48.23.103139 +0530,
fear,negative,joy,positive,incongruent,left,75,15,3,right,0,0.5874019000330009,None,3,15,75,15,117.61879490001593,,117.60438000003342,117.61879490001593,118.10219850001158,118.11837099998957,118.20213660004083,118.20213660004083,118.30201139999554,118.30201139999554,118.30201139999554,118.90286110003944,right,0,0.5874019000330009,None,exp-3,001,2025-11-24_16h48.12.735,solo project,,2025.1.1,60.06438901885654,2025-11-24 16h48.23.103139 +0530,
sad,negative,lonely,negative,congruent,right,76,16,3,left,0,1.4593203999684192,None,3,16,76,9,118.91822970000794,,118.91071880003437,118.91822970000794,119.402072100027,119.4185589000117,119.50192250002874,119.50192250002874,119.60203220002586,119.60203220002586,119.60203220002586,121.06868930003839,left,0,1.4593203999684192,None,exp-3,001,2025-11-24_16h48.12.735,solo project,,2025.1.1,60.06438901885654,2025-11-24 16h48.23.103139 +0530,
love,positive,war,negative,incongruent,left,77,17,3,left,1,1.2788637999910861,None,3,17,77,11,121.08530149998842,,121.07220370002324,121.08530149998842,121.56889480003156,121.58518920000643,121.66902450000634,121.66902450000634,121.76880880002864,121.76880880002864,121.76880880002864,123.05271190003259,left,1,1.2788637999910861,None,exp-3,001,2025-11-24_16h48.12.735,solo project,,2025.1.1,60.06438901885654,2025-11-24 16h48.23.103139 +0530,
kind,positive,warm,positive,congruent,right,78,18,3,right,1,1.2947779999813065,None,3,18,78,2,123.06875430000946,,123.05883400002494,123.06875430000946,123.55234350002138,123.56840079999529,123.65210090001347,123.65210090001347,123.75200560002122,123.75200560002122,123.75200560002122,125.05236800003331,right,1,1.2947779999813065,None,exp-3,001,2025-11-24_16h48.12.735,solo project,,2025.1.1,60.06438901885654,2025-11-24 16h48.23.103139 +0530,
calm,positive,flower,positive,congruent,right,79,19,3,right,1,0.6171080999774858,None,3,19,79,4,125.06867950002197,,125.05975240003318,125.06867950002197,125.5517814999912,125.56870559998788,125.65208680002252,125.65208680002252,125.75230769999325,125.75230769999325,125.75230769999325,126.38647730002413,right,1,0.6171080999774858,None,exp-3,001,2025-11-24_16h48.12.735,solo project,,2025.1.1,60.06438901885654,2025-11-24 16h48.23.103139 +0530,
happy,positive,joy,positive,congruent,right,80,0,4,right,1,0.8487896000151522,None,4,0,80,0,126.40221850003581,,126.39561420003884,126.40221850003581,126.90170510002645,126.90170510002645,127.00195140001597,126.98547680000775,127.0856308999937,127.10193760000402,127.10193760000402,127.95258520002244,right,1,0.8487896000151522,None,exp-3,001,2025-11-24_16h48.12.735,solo project,,2025.1.1,60.06438901885654,2025-11-24 16h48.23.103139 +0530,
smile,positive,peace,positive,congruent,right,81,1,4,right,1,0.5258743999875151,None,4,1,81,1,127.96840479999082,,127.95984730002237,127.96840479999082,128.45184930000687,128.46830970002338,128.55198470002506,128.55198470002506,128.65190970001277,128.65190970001277,128.65190970001277,129.18584510002984,right,1,0.5258743999875151,None,exp-3,001,2025-11-24_16h48.12.735,solo project,,2025.1.1,60.06438901885654,2025-11-24 16h48.23.103139 +0530,
hatred,negative,war,negative,congruent,right,82,2,4,left,0,0.8788041999796405,None,4,2,82,6,129.2019364000298,,129.19348080002237,129.2019364000298,129.6854411000386,129.70183959999122,129.7854494000203,129.7854494000203,129.88567819999298,129.88567819999298,129.88567819999298,130.76919990003807,left,0,0.8788041999796405,None,exp-3,001,2025-11-24_16h48.12.735,solo project,,2025.1.1,60.06438901885654,2025-11-24 16h48.23.103139 +0530,
calm,positive,flower,positive,congruent,right,83,3,4,right,1,0.5096748999785632,None,4,3,83,4,130.78520380001282,,130.7762312000268,130.78520380001282,131.26893780002138,131.28552979999222,131.36885570001323,131.36885570001323,131.4685499999905,131.4685499999905,131.4685499999905,131.98634549998678,right,1,0.5096748999785632,None,exp-3,001,2025-11-24_16h48.12.735,solo project,,2025.1.1,60.06438901885654,2025-11-24 16h48.23.103139 +0530,
fear,negative,danger,negative,congruent,right,84,4,4,left,0,0.8337062000064179,None,4,4,84,8,132.00193180004135,,131.99603949999437,132.00193180004135,132.50211090000812,132.50211090000812,132.60175050003454,132.60175050003454,132.7020583000267,132.7020583000267,132.7020583000267,133.55292099999497,left,0,0.8337062000064179,None,exp-3,001,2025-11-24_16h48.12.735,solo project,,2025.1.1,60.06438901885654,2025-11-24 16h48.23.103139 +0530,
sad,negative,flower,positive,incongruent,left,85,5,4,right,0,0.5992526999907568,None,4,5,85,17,133.56839229998877,,133.56168770004297,133.56839229998877,134.05181929998798,134.06887610000558,134.1521174000227,134.1521174000227,134.25210300000617,134.25210300000617,134.25210300000617,134.8528687999933,right,0,0.5992526999907568,None,exp-3,001,2025-11-24_16h48.12.735,solo project,,2025.1.1,60.06438901885654,2025-11-24 16h48.23.103139 +0530,
love,positive,sweet,positive,congruent,right,86,6,4,right,1,0.6111696000443771,None,4,6,86,3,134.8682192999986,,134.86261150002247,134.8682192999986,135.35189610003727,135.36861140001565,135.45184620004147,135.45184620004147,135.55149550002534,135.5684489000123,135.5684489000123,136.18616260000272,right,1,0.6111696000443771,None,exp-3,001,2025-11-24_16h48.12.735,solo project,,2025.1.1,60.06438901885654,2025-11-24 16h48.23.103139 +0530,
disgust,negative,rotten,negative,congruent,right,87,7,4,left,0,0.6250318000093102,None,4,7,87,7,136.20178100001067,,136.19311079999898,136.20178100001067,136.70186540001305,136.70186540001305,136.80187419999857,136.80187419999857,136.90181170002325,136.90181170002325,136.90181170002325,137.53607540001394,left,0,0.6250318000093102,None,exp-3,001,2025-11-24_16h48.12.735,solo project,,2025.1.1,60.06438901885654,2025-11-24 16h48.23.103139 +0530,
hatred,negative,peace,positive,incongruent,left,88,8,4,right,0,0.6340861999779008,None,4,8,88,18,137.55212930002017,,137.5437840000377,137.55212930002017,138.05199070001254,138.05199070001254,138.1519236000022,138.13523770001484,138.23492360004457,138.23492360004457,138.23492360004457,138.87004970002454,right,0,0.6340861999779008,None,exp-3,001,2025-11-24_16h48.12.735,solo project,,2025.1.1,60.06438901885654,2025-11-24 16h48.23.103139 +0530,
sad,negative,lonely,negative,congruent,right,89,9,4,left,0,0.6436124999891035,None,4,9,89,9,138.88515570003074,,138.87857370002894,138.88515570003074,139.38505939999595,139.38505939999595,139.48515280004358,139.48515280004358,139.58499659999507,139.58499659999507,139.58499659999507,140.23574570001801,left,0,0.6436124999891035,None,exp-3,001,2025-11-24_16h48.12.735,solo project,,2025.1.1,60.06438901885654,2025-11-24 16h48.23.103139 +0530,
happy,positive,danger,negative,incongruent,left,90,10,4,left,1,1.0327210999676026,None,4,10,90,10,140.25216540001566,,140.24019050004426,140.25216540001566,140.73598260001745,140.75237659999402,140.83503080002265,140.83503080002265,140.93539900000906,140.93539900000906,140.93539900000906,141.96867700002622,left,1,1.0327210999676026,None,exp-3,001,2025-11-24_16h48.12.735,solo project,,2025.1.1,60.06438901885654,2025-11-24 16h48.23.103139 +0530,
warm,positive,rotten,negative,incongruent,left,91,11,4,left,1,1.018132400000468,None,4,11,91,13,141.98514820000855,,141.97287430003053,141.98514820000855,142.46866160002537,142.485035300022,142.56825469998876,142.56825469998876,142.66857979999622,142.66857979999622,142.66857979999622,143.7030320999911,left,1,1.018132400000468,None,exp-3,001,2025-11-24_16h48.12.735,solo project,,2025.1.1,60.06438901885654,2025-11-24 16h48.23.103139 +0530,
smile,positive,pain,negative,incongruent,left,92,12,4,left,1,0.5873420999851078,None,4,12,92,12,143.71884799998952,,143.70976659998996,143.71884799998952,144.20204520004336,144.2187818000093,144.3018309000181,144.3186476000119,144.41840660001617,144.41840660001617,144.41840660001617,145.02044719998958,left,1,0.5873420999851078,None,exp-3,001,2025-11-24_16h48.12.735,solo project,,2025.1.1,60.06438901885654,2025-11-24 16h48.23.103139 +0530,
love,positive,war,negative,incongruent,left,93,13,4,left,1,1.2810244000284001,None,4,13,93,11,145.03501210000832,,145.02623870002571,145.03501210000832,145.53523859998677,145.53523859998677,145.63543760002358,145.63543760002358,145.7352463999996,145.7352463999996,145.7352463999996,147.01909250003519,left,1,1.2810244000284001,None,exp-3,001,2025-11-24_16h48.12.735,solo project,,2025.1.1,60.06438901885654,2025-11-24 16h48.23.103139 +0530,
kind,positive,warm,positive,congruent,right,94,14,4,left,0,1.6493137000361457,None,4,14,94,2,147.03539630002342,,147.02772300003562,147.03539630002342,147.53506850003032,147.53506850003032,147.6350812999881,147.61851900001056,147.71855890000006,147.71855890000006,147.71855890000006,149.3702270000358,left,0,1.6493137000361457,None,exp-3,001,2025-11-24_16h48.12.735,solo project,,2025.1.1,60.06438901885654,2025-11-24 16h48.23.103139 +0530,
fear,negative,joy,positive,incongruent,left,95,15,4,right,0,0.5598976999754086,None,4,15,95,15,149.38517930003582,,149.378545100044,149.38517930003582,149.88513930002227,149.88513930002227,149.98525680002058,149.98525680002058,150.08521190000465,150.08521190000465,150.08521190000465,150.65304810000816,right,0,0.5598976999754086,None,exp-3,001,2025-11-24_16h48.12.735,solo project,,2025.1.1,60.06438901885654,2025-11-24 16h48.23.103139 +0530,
angry,negative,pain,negative,congruent,right,96,16,4,left,0,0.7381930999690667,None,4,16,96,5,150.66848380002193,,150.66001930000493,150.66848380002193,151.16822779999347,151.16822779999347,151.26885739999125,151.26885739999125,151.36860139999771,151.36860139999771,151.36860139999771,152.11925899999915,left,0,0.7381930999690667,None,exp-3,001,2025-11-24_16h48.12.735,solo project,,2025.1.1,60.06438901885654,2025-11-24 16h48.23.103139 +0530,
danger,negative,warm,positive,incongruent,left,97,17,4,right,0,0.5545228999690153,None,4,17,97,19,152.13527239998803,,152.1284662000253,152.13527239998803,152.63463620003313,152.63463620003313,152.73503610002808,152.73503610002808,152.8353885000106,152.8353885000106,152.8353885000106,153.4022202999913,right,0,0.5545228999690153,None,exp-3,001,2025-11-24_16h48.12.735,solo project,,2025.1.1,60.06438901885654,2025-11-24 16h48.23.103139 +0530,
disgust,negative,sweet,positive,incongruent,left,98,18,4,right,0,0.8577171000069939,None,4,18,98,16,153.41801850002958,,153.40743830002612,153.41801850002958,153.90178770001512,153.9182126999949,154.00175320002018,154.00175320002018,154.10137009999016,154.10137009999016,154.10137009999016,154.96947330003604,right,0,0.8577171000069939,None,exp-3,001,2025-11-24_16h48.12.735,solo project,,2025.1.1,60.06438901885654,2025-11-24 16h48.23.103139 +0530,
peace,positive,lonely,negative,incongruent,left,99,19,4,left,1,0.6387540000141598,None,4,19,99,14,154.98508800001582,,154.97658409998985,154.98508800001582,155.46839860000182,155.4854447999969,155.56860190001316,155.58529529999942,155.68491210002685,155.66813780000666,155.66813780000666,156.31925810000394,left,1,0.6387540000141598,None,exp-3,001,2025-11-24_16h48.12.735,solo project,,2025.1.1,60.06438901885654,2025-11-24 16h48.23.103139 +0530,
kind,positive,warm,positive,congruent,right,100,0,5,right,1,0.9456491000019014,None,5,0,100,2,156.33511510002427,,156.32797000004211,156.33511510002427,156.81856159999734,156.8353095999919,156.9186858999892,156.9186858999892,157.0185165000148,157.0185165000148,157.0185165000148,157.9696028000326,right,1,0.9456491000019014,None,exp-3,001,2025-11-24_16h48.12.735,solo project,,2025.1.1,60.06438901885654,2025-11-24 16h48.23.103139 +0530,
love,positive,war,negative,incongruent,left,101,1,5,left,1,0.7008360999752767,None,5,1,101,11,157.98508100002073,,157.97854059998645,157.98508100002073,158.48491190001369,158.48491190001369,158.58521759998985,158.58521759998985,158.68508800002746,158.68508800002746,158.68508800002746,159.40291470004013,left,1,0.7008360999752767,None,exp-3,001,2025-11-24_16h48.12.735,solo project,,2025.1.1,60.06438901885654,2025-11-24 16h48.23.103139 +0530,
peace,positive,lonely,negative,incongruent,left,102,2,5,left,1,1.4718085000058636,None,5,2,102,14,159.41847979999147,,159.41135410004063,159.41847979999147,159.91858410002897,159.91858410002897,160.01833500002977,160.01833500002977,160.11831700004404,160.1020331000327,160.1020331000327,161.5861222000094,left,1,1.4718085000058636,None,exp-3,001,2025-11-24_16h48.12.735,solo project,,2025.1.1,60.06438901885654,2025-11-24 16h48.23.103139 +0530,
danger,negative,warm,positive,incongruent,left,103,3,5,right,0,0.777045700000599,None,5,3,103,19,161.60156340000685,,161.59307589998934,161.60156340000685,162.10189900000114,162.10189900000114,162.20140930003254,162.20140930003254,162.30170690000523,162.2852194000152,162.2852194000152,163.06862810003804,right,0,0.777045700000599,None,exp-3,001,2025-11-24_16h48.12.735,solo project,,2025.1.1,60.06438901885654,2025-11-24 16h48.23.103139 +0530,
happy,positive,joy,positive,congruent,right,104,4,5,right,1,0.5839252999867313,None,5,4,104,0,163.08505669998704,,163.07250270002987,163.08505669998704,163.56837110000197,163.5853065000265,163.66805730003398,163.66805730003398,163.76845690002665,163.76845690002665,163.76845690002665,164.36826630000724,right,1,0.5839252999867313,None,exp-3,001,2025-11-24_16h48.12.735,solo project,,2025.1.1,60.06438901885654,2025-11-24 16h48.23.103139 +0530,
angry,negative,pain,negative,congruent,right,105,5,5,left,0,0.6887793999630958,None,5,5,105,5,164.3845822000294,,164.37187780003296,164.3845822000294,164.86869090003893,164.88523580000037,164.96818100003293,164.96818100003293,165.06818030000431,165.06818030000431,165.06818030000431,165.7693124000216,left,0,0.6887793999630958,None,exp-3,001,2025-11-24_16h48.12.735,solo project,,2025.1.1,60.06438901885654,2025-11-24 16h48.23.103139 +0530,
fear,negative,danger,negative,congruent,right,106,6,5,left,0,0.9713821999612264,None,5,6,106,8,165.78517320001265,,165.77497570001287,165.78517320001265,166.2852028000052,166.2852028000052,166.3851837000111,166.36822910001501,166.46853230003035,166.4854402000201,166.4854402000201,167.4684915000107,left,0,0.9713821999612264,None,exp-3,001,2025-11-24_16h48.12.735,solo project,,2025.1.1,60.06438901885654,2025-11-24 16h48.23.103139 +0530,
happy,positive,danger,negative,incongruent,left,107,7,5,left,1,0.5944260000251234,None,5,7,107,10,167.48481789999641,,167.47050009999657,167.48481789999641,167.96801040001446,167.9847327999887,168.0681669000187,168.0681669000187,168.168286500033,168.168286500033,168.168286500033,168.7699896999984,left,1,0.5944260000251234,None,exp-3,001,2025-11-24_16h48.12.735,solo project,,2025.1.1,60.06438901885654,2025-11-24 16h48.23.103139 +0530,
hatred,negative,war,negative,congruent,right,108,8,5,left,0,0.9577591000124812,None,5,8,108,6,168.78503870003624,,168.778494600032,168.78503870003624,169.28534990001936,169.28534990001936,169.3850592999952,169.3850592999952,169.48469549999572,169.48469549999572,169.48469549999572,170.45246880000923,left,0,0.9577591000124812,None,exp-3,001,2025-11-24_16h48.12.735,solo project,,2025.1.1,60.06438901885654,2025-11-24 16h48.23.103139 +0530,
hatred,negative,peace,positive,incongruent,left,109,9,5,right,0,0.5754177000490017,None,5,9,109,18,170.46854450000683,,170.45767410000553,170.46854450000683,170.9515993000241,170.9681918999995,171.05171910003992,171.05171910003992,171.15164900000673,171.15164900000673,171.15164900000673,171.73577450000448,right,0,0.5754177000490017,None,exp-3,001,2025-11-24_16h48.12.735,solo project,,2025.1.1,60.06438901885654,2025-11-24 16h48.23.103139 +0530,
disgust,negative,sweet,positive,incongruent,left,110,10,5,right,0,0.879266900010407,None,5,10,110,16,171.751643399999,,171.7457859000424,171.751643399999,172.23529330000747,172.25159260001965,172.33517730003223,172.33517730003223,172.43525260000024,172.43525260000024,172.43525260000024,173.31946790002985,right,0,0.879266900010407,None,exp-3,001,2025-11-24_16h48.12.735,solo project,,2025.1.1,60.06438901885654,2025-11-24 16h48.23.103139 +0530,
smile,positive,pain,negative,incongruent,left,111,11,5,left,1,0.5342197999707423,None,5,11,111,12,173.3353360000183,,173.32514750002883,173.3353360000183,173.83474379999097,173.83474379999097,173.93530439998722,173.93530439998722,174.03506379999453,174.03506379999453,174.03506379999453,174.58580719999736,left,1,0.5342197999707423,None,exp-3,001,2025-11-24_16h48.12.735,solo project,,2025.1.1,60.06438901885654,2025-11-24 16h48.23.103139 +0530,
calm,positive,flower,positive,congruent,right,112,12,5,right,1,0.5672121999668889,None,5,12,112,4,174.60219569999026,,174.59064290003153,174.60219569999026,175.085327400011,175.10167980002007,175.18490280001424,175.18490280001424,175.2851749000256,175.2851749000256,175.2851749000256,175.86915600002976,right,1,0.5672121999668889,None,exp-3,001,2025-11-24_16h48.12.735,solo project,,2025.1.1,60.06438901885654,2025-11-24 16h48.23.103139 +0530,
sad,negative,lonely,negative,congruent,right,113,13,5,left,0,0.5602820999920368,None,5,13,113,9,175.88462349999463,,175.8764106000308,175.88462349999463,176.36826920002932,176.38522779999766,176.4682538000052,176.4682538000052,176.56893130001845,176.56893130001845,176.56893130001845,177.1356422000099,left,0,0.5602820999920368,None,exp-3,001,2025-11-24_16h48.12.735,solo project,,2025.1.1,60.06438901885654,2025-11-24 16h48.23.103139 +0530,
sad,negative,flower,positive,incongruent,left,114,14,5,right,0,0.6240405999706127,None,5,14,114,17,177.15180970000802,,177.14012430002913,177.15180970000802,177.63496659998782,177.6517559000058,177.73524450004334,177.73524450004334,177.83536200004164,177.83536200004164,177.83536200004164,178.46906090003904,right,0,0.6240405999706127,None,exp-3,001,2025-11-24_16h48.12.735,solo project,,2025.1.1,60.06438901885654,2025-11-24 16h48.23.103139 +0530,
disgust,negative,rotten,negative,congruent,right,115,15,5,left,0,0.5833301999955438,None,5,15,115,7,178.4849421000108,,178.47611109999707,178.4849421000108,178.96814300003462,178.98506929998985,179.06793050002307,179.06793050002307,179.16816500003915,179.16816500003915,179.16816500003915,179.75241690000985,left,0,0.5833301999955438,None,exp-3,001,2025-11-24_16h48.12.735,solo project,,2025.1.1,60.06438901885654,2025-11-24 16h48.23.103139 +0530,
love,positive,sweet,positive,congruent,right,116,16,5,right,1,0.6033325999742374,None,5,16,116,3,179.76856330002192,,179.7620484000072,179.76856330002192,180.2681639000075,180.2681639000075,180.3686915000435,180.3517858000123,180.45145170000615,180.45145170000615,180.45145170000615,181.06907520000823,right,1,0.6033325999742374,None,exp-3,001,2025-11-24_16h48.12.735,solo project,,2025.1.1,60.06438901885654,2025-11-24 16h48.23.103139 +0530,
warm,positive,rotten,negative,incongruent,left,117,17,5,left,1,0.674722199968528,None,5,17,117,13,181.0849404000328,,181.07649160001893,181.0849404000328,181.56818970001768,181.58495869999751,181.66838440002175,181.66838440002175,181.76833560003433,181.76833560003433,181.76833560003433,182.45266489998903,left,1,0.674722199968528,None,exp-3,001,2025-11-24_16h48.12.735,solo project,,2025.1.1,60.06438901885654,2025-11-24 16h48.23.103139 +0530,
smile,positive,peace,positive,congruent,right,118,18,5,right,1,0.5677670000004582,None,5,18,118,1,182.4684661999927,,182.4615515000187,182.4684661999927,182.9515812000027,182.9682005000068,183.05148610001197,183.0680805000011,183.16813030000776,183.15176560002146,183.15176560002146,183.73577219998697,right,1,0.5677670000004582,None,exp-3,001,2025-11-24_16h48.12.735,solo project,,2025.1.1,60.06438901885654,2025-11-24 16h48.23.103139 +0530,
fear,negative,joy,positive,incongruent,left,119,19,5,right,0,0.6618650000309572,None,5,19,119,15,183.75138180004433,,183.74255790002644,183.75138180004433,184.25180650001857,184.25180650001857,184.35194339998998,184.33508300001267,184.435163200018,184.435163200018,184.435163200018,185.1023379000253,right,0,0.6618650000309572,None,exp-3,001,2025-11-24_16h48.12.735,solo project,,2025.1.1,60.06438901885654,2025-11-24 16h48.23.103139 +0530,
smile,positive,peace,positive,congruent,right,120,0,6,left,0,0.5627704000216909,None,6,0,120,1,185.11827640002593,,185.11215550004272,185.11827640002593,185.60172889998648,185.61824810004327,185.70159110001987,185.70159110001987,185.8020186999929,185.8020186999929,185.8020186999929,186.3689114000299,left,0,0.5627704000216909,None,exp-3,001,2025-11-24_16h48.12.735,solo project,,2025.1.1,60.06438901885654,2025-11-24 16h48.23.103139 +0530,
disgust,negative,rotten,negative,congruent,right,121,1,6,left,0,0.594594300026074,None,6,1,121,7,186.38460849999683,,186.3783435000223,186.38460849999683,186.86865720001515,186.88506980001694,186.96803550003096,186.96803550003096,187.06782810000004,187.06782810000004,187.06782810000004,187.66960459999973,left,0,0.594594300026074,None,exp-3,001,2025-11-24_16h48.12.735,solo project,,2025.1.1,60.06438901885654,2025-11-24 16h48.23.103139 +0530,
warm,positive,rotten,negative,incongruent,left,122,2,6,right,0,0.522274799994193,None,6,2,122,13,187.68526890000794,,187.67538120003883,187.68526890000794,188.1851704000146,188.1851704000146,188.28508160001365,188.28508160001365,188.38527650001924,188.38527650001924,188.38527650001924,188.91975689999526,right,0,0.522274799994193,None,exp-3,001,2025-11-24_16h48.12.735,solo project,,2025.1.1,60.06438901885654,2025-11-24 16h48.23.103139 +0530,
love,positive,sweet,positive,congruent,right,123,3,6,right,1,0.6009838000172749,None,6,3,123,3,188.93482439999934,,188.92752440000186,188.93482439999934,189.43488950002939,189.43488950002939,189.5351556999958,189.5351556999958,189.63481640000828,189.63481640000828,189.63481640000828,190.2524470000062,right,1,0.6009838000172749,None,exp-3,001,2025-11-24_16h48.12.735,solo project,,2025.1.1,60.06438901885654,2025-11-24 16h48.23.103139 +0530,
kind,positive,warm,positive,congruent,right,124,4,6,right,1,0.7150323999812827,None,6,4,124,2,190.26872260001255,,190.26267460000236,190.26872260001255,190.751814200019,190.76799349999055,190.85145550000016,190.86816870002076,190.96835239999928,190.95160090003628,190.95160090003628,191.66890620003687,right,1,0.7150323999812827,None,exp-3,001,2025-11-24_16h48.12.735,solo project,,2025.1.1,60.06438901885654,2025-11-24 16h48.23.103139 +0530,
fear,negative,joy,positive,incongruent,left,125,5,6,right,0,0.47825680003734306,None,6,5,125,15,191.68478190002497,,191.67590949998703,191.68478190002497,192.16854670003522,192.18495090003125,192.26832199998898,192.26832199998898,192.36809699999867,192.36809699999867,192.36809699999867,192.8522890000022,right,0,0.47825680003734306,None,exp-3,001,2025-11-24_16h48.12.735,solo project,,2025.1.1,60.06438901885654,2025-11-24 16h48.23.103139 +0530,
disgust,negative,sweet,positive,incongruent,left,126,6,6,right,0,0.605430299998261,None,6,6,126,16,192.86835830000928,,192.86116780003067,192.86835830000928,193.35174160002498,193.36829620000208,193.45156790001784,193.45156790001784,193.55154389998643,193.55154389998643,193.55154389998643,194.16917790001025,right,0,0.605430299998261,None,exp-3,001,2025-11-24_16h48.12.735,solo project,,2025.1.1,60.06438901885654,2025-11-24 16h48.23.103139 +0530,
angry,negative,pain,negative,congruent,right,127,7,6,left,0,0.7231450999970548,None,6,7,127,5,194.1845580000081,,194.17914100002963,194.1845580000081,194.6847090999945,194.6847090999945,194.7850517000188,194.7850517000188,194.88495330000296,194.8682079000282,194.8682079000282,195.60252509999555,left,0,0.7231450999970548,None,exp-3,001,2025-11-24_16h48.12.735,solo project,,2025.1.1,60.06438901885654,2025-11-24 16h48.23.103139 +0530,
sad,negative,flower,positive,incongruent,left,128,8,6,right,0,0.508574299979955,None,6,8,128,17,195.61808410001686,,195.61262620001798,195.61808410001686,196.11773130000802,196.11773130000802,196.2183089000173,196.2183089000173,196.31844470003853,196.31844470003853,196.31844470003853,196.8359181000269,right,0,0.508574299979955,None,exp-3,001,2025-11-24_16h48.12.735,solo project,,2025.1.1,60.06438901885654,2025-11-24 16h48.23.103139 +0530,
hatred,negative,war,negative,congruent,right,129,9,6,left,0,0.5227935000439174,None,6,9,129,6,196.8517038000282,,196.84689799998887,196.8517038000282,197.33515210001497,197.3515560000087,197.4349953000201,197.45189730002312,197.5512185000116,197.5348838000209,197.5348838000209,198.06950780004263,left,0,0.5227935000439174,None,exp-3,001,2025-11-24_16h48.12.735,solo project,,2025.1.1,60.06438901885654,2025-11-24 16h48.23.103139 +0530,
peace,positive,lonely,negative,incongruent,left,130,10,6,left,1,0.7678018999868073,None,6,10,130,14,198.0849386000191,,198.07880010001827,198.0849386000191,198.58481960004428,198.58481960004428,198.6852087000152,198.6852087000152,198.78492380003445,198.78492380003445,198.78492380003445,199.56868840003153,left,1,0.7678018999868073,None,exp-3,001,2025-11-24_16h48.12.735,solo project,,2025.1.1,60.06438901885654,2025-11-24 16h48.23.103139 +0530,
sad,negative,lonely,negative,congruent,right,131,11,6,left,0,0.5168318000505678,None,6,11,131,9,199.58513429999584,,199.57210950000444,199.58513429999584,200.0682075000368,200.08507040003315,200.1685271000024,200.1685271000024,200.26853729999857,200.26853729999857,200.26853729999857,200.8024066000362,left,0,0.5168318000505678,None,exp-3,001,2025-11-24_16h48.12.735,solo project,,2025.1.1,60.06438901885654,2025-11-24 16h48.23.103139 +0530,
happy,positive,joy,positive,congruent,right,132,12,6,right,1,0.505677699984517,None,6,12,132,0,200.81819830002496,,200.81099100003485,200.81819830002496,201.31817189999856,201.31817189999856,201.4177274000249,201.40129250002792,201.50141790002817,201.50141790002817,201.50141790002817,202.01922550000018,right,1,0.505677699984517,None,exp-3,001,2025-11-24_16h48.12.735,solo project,,2025.1.1,60.06438901885654,2025-11-24 16h48.23.103139 +0530,
danger,negative,warm,positive,incongruent,left,133,13,6,right,0,0.9022347000427544,None,6,13,133,19,202.03510249999817,,202.02785529999528,202.03510249999817,202.51814739999827,202.5349226000253,202.6183608000283,202.6349690000061,202.7348081000382,202.71843830001308,202.71843830001308,203.63596540002618,right,0,0.9022347000427544,None,exp-3,001,2025-11-24_16h48.12.735,solo project,,2025.1.1,60.06438901885654,2025-11-24 16h48.23.103139 +0530,
happy,positive,danger,negative,incongruent,left,134,14,6,left,1,0.6753663000417873,None,6,14,134,10,203.65137730003335,,203.6456618999946,203.65137730003335,204.1516530000372,204.1516530000372,204.25160840002354,204.2350019000005,204.3348207999952,204.35144749999745,204.35144749999745,205.03567030001432,left,1,0.6753663000417873,None,exp-3,001,2025-11-24_16h48.12.735,solo project,,2025.1.1,60.06438901885654,2025-11-24 16h48.23.103139 +0530,
fear,negative,danger,negative,congruent,right,135,15,6,left,0,0.41369039996061474,None,6,15,135,8,205.05117490002885,,205.04211000003852,205.05117490002885,205.5350252999924,205.55138130002888,205.63480280002113,205.6515003000386,205.75135620002402,205.7347458000295,205.7347458000295,206.1523506999947,left,0,0.41369039996061474,None,exp-3,001,2025-11-24_16h48.12.735,solo project,,2025.1.1,60.06438901885654,2025-11-24 16h48.23.103139 +0530,
calm,positive,flower,positive,congruent,right,136,16,6,right,1,0.6048873999970965,None,6,16,136,4,206.16849120002007,,206.15931340004317,206.16849120002007,206.6676393999951,206.6676393999951,206.76809620001586,206.75149640004383,206.85148040001513,206.85148040001513,206.85148040001513,207.46832909999648,right,1,0.6048873999970965,None,exp-3,001,2025-11-24_16h48.12.735,solo project,,2025.1.1,60.06438901885654,2025-11-24 16h48.23.103139 +0530,
hatred,negative,peace,positive,incongruent,left,137,17,6,right,0,1.2597872000187635,None,6,17,137,18,207.48458670004038,,207.47337560000597,207.48458670004038,207.96796280000126,207.98493630002486,208.06812230002834,208.06812230002834,208.16823880001903,208.16823880001903,208.16823880001903,209.43522770004347,right,0,1.2597872000187635,None,exp-3,001,2025-11-24_16h48.12.735,solo project,,2025.1.1,60.06438901885654,2025-11-24 16h48.23.103139 +0530,
love,positive,war,negative,incongruent,left,138,18,6,left,1,0.8273843000060879,None,6,18,138,11,209.4512676000013,,209.44101280003088,209.4512676000013,209.9346724000061,209.9515209000092,210.034647100023,210.034647100023,210.13474090001546,210.13474090001546,210.13474090001546,210.96812610002235,left,1,0.8273843000060879,None,exp-3,001,2025-11-24_16h48.12.735,solo project,,2025.1.1,60.06438901885654,2025-11-24 16h48.23.103139 +0530,
smile,positive,pain,negative,incongruent,left,139,19,6,left,1,0.909223299997393,None,6,19,139,12,210.98440469999332,,210.97086140001193,210.98440469999332,211.4679397,211.48458310001297,211.56797500001267,211.56797500001267,211.6681411000318,211.6681411000318,211.6681411000318,212.5850413000444,left,1,0.909223299997393,None,exp-3,001,2025-11-24_16h48.12.735,solo project,,2025.1.1,60.06438901885654,2025-11-24 16h48.23.103139 +0530,
danger,negative,warm,positive,incongruent,left,140,0,7,right,0,0.874760199978482,None,7,0,140,19,212.60142530000303,,212.58885870000813,212.60142530000303,213.08465199999046,213.1012766000349,213.18437189998804,213.18437189998804,213.2844031000277,213.2844031000277,213.2844031000277,214.16830880002817,right,0,0.874760199978482,None,exp-3,001,2025-11-24_16h48.12.735,solo project,,2025.1.1,60.06438901885654,2025-11-24 16h48.23.103139 +0530,
hatred,negative,peace,positive,incongruent,left,141,1,7,right,0,0.5710648000240326,None,7,1,141,18,214.18452609999804,,214.1713241999969,214.18452609999804,214.66820439998992,214.6848708000034,214.76788350002607,214.76788350002607,214.8677766000037,214.8677766000037,214.8677766000037,215.45141580002382,right,0,0.5710648000240326,None,exp-3,001,2025-11-24_16h48.12.735,solo project,,2025.1.1,60.06438901885654,2025-11-24 16h48.23.103139 +0530,
sad,negative,lonely,negative,congruent,right,142,2,7,left,0,0.6343779999879189,None,7,2,142,9,215.4676080000354,,215.45489709998947,215.4676080000354,215.95133960002568,215.96816960000433,216.05159869999625,216.05159869999625,216.1513914000243,216.1513914000243,216.1513914000243,216.80226460000267,left,0,0.6343779999879189,None,exp-3,001,2025-11-24_16h48.12.735,solo project,,2025.1.1,60.06438901885654,2025-11-24 16h48.23.103139 +0530,
fear,negative,danger,negative,congruent,right,143,3,7,left,0,0.666030399966985,None,7,3,143,8,216.8179974000086,,216.8108324999921,216.8179974000086,217.30144190002466,217.3180335999932,217.40145699999994,217.40145699999994,217.5014894999913,217.5014894999913,217.5014894999913,218.1700925999903,left,0,0.666030399966985,None,exp-3,001,2025-11-24_16h48.12.735,solo project,,2025.1.1,60.06438901885654,2025-11-24 16h48.23.103139 +0530,
happy,positive,danger,negative,incongruent,left,144,4,7,left,1,1.3874663999886252,None,7,4,144,10,218.18485960003454,,218.17434940004023,218.18485960003454,218.6848311999929,218.6848311999929,218.7846939000301,218.7846939000301,218.88470140000572,218.88470140000572,218.88470140000572,220.28573860001052,left,1,1.3874663999886252,None,exp-3,001,2025-11-24_16h48.12.735,solo project,,2025.1.1,60.06438901885654,2025-11-24 16h48.23.103139 +0530,
angry,negative,pain,negative,congruent,right,145,5,7,left,0,1.2381487999809906,None,7,5,145,5,220.3014027000172,,220.29679049999686,220.3014027000172,220.78504819999216,220.80148100003134,220.88498979998985,220.90157109999564,221.00160270003835,221.00160270003835,221.00160270003835,222.2517213000101,left,0,1.2381487999809906,None,exp-3,001,2025-11-24_16h48.12.735,solo project,,2025.1.1,60.06438901885654,2025-11-24 16h48.23.103139 +0530,
disgust,negative,rotten,negative,congruent,right,146,6,7,left,0,0.7949213000247255,None,7,6,146,7,222.26821060001384,,222.25549940002384,222.26821060001384,222.7512917999993,222.76805900002364,222.85156189999543,222.85156189999543,222.95148490002612,222.95148490002612,222.95148490002612,223.7523169000051,left,0,0.7949213000247255,None,exp-3,001,2025-11-24_16h48.12.735,solo project,,2025.1.1,60.06438901885654,2025-11-24 16h48.23.103139 +0530,
smile,positive,peace,positive,congruent,right,147,7,7,right,1,1.0700703999609686,None,7,7,147,1,223.76813450001646,,223.7599368999945,223.76813450001646,224.25166860001627,224.2683912999928,224.35152030002791,224.36816200002795,224.46813310001744,224.4516146000242,224.4516146000242,225.5356846000068,right,1,1.0700703999609686,None,exp-3,001,2025-11-24_16h48.12.735,solo project,,2025.1.1,60.06438901885654,2025-11-24 16h48.23.103139 +0530,
hatred,negative,war,negative,congruent,right,148,8,7,left,0,1.3504934000084177,None,7,8,148,6,225.55130009999266,,225.54694790003123,225.55130009999266,226.05141519999597,226.05141519999597,226.15112920000684,226.1349017000175,226.23460150003666,226.2513966000406,226.2513966000406,227.6184249999933,left,0,1.3504934000084177,None,exp-3,001,2025-11-24_16h48.12.735,solo project,,2025.1.1,60.06438901885654,2025-11-24 16h48.23.103139 +0530,
fear,negative,joy,positive,incongruent,left,149,9,7,right,0,0.7441580999875441,None,7,9,149,15,227.6346918999916,,227.62229289999232,227.6346918999916,228.1181634000386,228.13482420000946,228.21830870001577,228.21830870001577,228.31849989999318,228.31849989999318,228.31849989999318,229.06899540004088,right,0,0.7441580999875441,None,exp-3,001,2025-11-24_16h48.12.735,solo project,,2025.1.1,60.06438901885654,2025-11-24 16h48.23.103139 +0530,
love,positive,war,negative,incongruent,left,150,10,7,left,1,0.5949393000337295,None,7,10,150,11,229.08467559999553,,229.0773205999867,229.08467559999553,229.5679682000191,229.58476709999377,229.66826480004238,229.66826480004238,229.76799050002592,229.78481440001633,229.78481440001633,230.38546459999634,left,1,0.5949393000337295,None,exp-3,001,2025-11-24_16h48.12.735,solo project,,2025.1.1,60.06438901885654,2025-11-24 16h48.23.103139 +0530,
smile,positive,pain,negative,incongruent,left,151,11,7,left,1,0.8260980999912135,None,7,11,151,12,230.40151620004326,,230.39490370004205,230.40151620004326,230.88490970002022,230.90162020002026,230.98463750001974,230.98463750001974,231.0850382000208,231.0850382000208,231.0850382000208,231.91893750004238,left,1,0.8260980999912135,None,exp-3,001,2025-11-24_16h48.12.735,solo project,,2025.1.1,60.06438901885654,2025-11-24 16h48.23.103139 +0530,
calm,positive,flower,positive,congruent,right,152,12,7,right,1,0.5930255000130273,None,7,12,152,4,231.9346102999989,,231.92945190001046,231.9346102999989,232.4342108000419,232.4342108000419,232.53405479999492,232.53405479999492,232.63402290001977,232.63402290001977,232.63402290001977,233.235599800013,right,1,0.5930255000130273,None,exp-3,001,2025-11-24_16h48.12.735,solo project,,2025.1.1,60.06438901885654,2025-11-24 16h48.23.103139 +0530,
warm,positive,rotten,negative,incongruent,left,153,13,7,left,1,0.6561998000252061,None,7,13,153,13,233.25120990001597,,233.2446974000195,233.25120990001597,233.73506650002673,233.7513917000033,233.83450709999306,233.85114660003455,233.95139840000775,233.95139840000775,233.95139840000775,234.6191000000108,left,1,0.6561998000252061,None,exp-3,001,2025-11-24_16h48.12.735,solo project,,2025.1.1,60.06438901885654,2025-11-24 16h48.23.103139 +0530,
disgust,negative,sweet,positive,incongruent,left,154,14,7,right,0,1.9218410999746993,None,7,14,154,16,234.6344616000424,,234.6268015000387,234.6344616000424,235.13462580001215,235.13462580001215,235.23485940002138,235.23485940002138,235.33484419999877,235.33484419999877,235.33484419999877,237.2688216000097,right,0,1.9218410999746993,None,exp-3,001,2025-11-24_16h48.12.735,solo project,,2025.1.1,60.06438901885654,2025-11-24 16h48.23.103139 +0530,
peace,positive,lonely,negative,incongruent,left,155,15,7,left,1,0.5860152000095695,None,7,15,155,14,237.2847965999972,,237.27645330002997,237.2847965999972,237.76801930001238,237.78486010001507,237.86786040000152,237.88474940002197,237.9847116000019,237.96832970000105,237.96832970000105,238.568308899994,left,1,0.5860152000095695,None,exp-3,001,2025-11-24_16h48.12.735,solo project,,2025.1.1,60.06438901885654,2025-11-24 16h48.23.103139 +0530,
kind,positive,warm,positive,congruent,right,156,16,7,right,1,1.225499399995897,None,7,16,156,2,238.58469009998953,,238.5737189000356,238.58469009998953,239.06822710001143,239.08457850001287,239.16805249999743,239.16805249999743,239.26842490001582,239.26842490001582,239.26842490001582,240.50236899999436,right,1,1.225499399995897,None,exp-3,001,2025-11-24_16h48.12.735,solo project,,2025.1.1,60.06438901885654,2025-11-24 16h48.23.103139 +0530,
happy,positive,joy,positive,congruent,right,157,17,7,right,1,0.5719525999738835,None,7,17,157,0,240.51799610001035,,240.5102549000294,240.51799610001035,241.01829550002003,241.01829550002003,241.11802739999257,241.11802739999257,241.2178566000075,241.2178566000075,241.2178566000075,241.80233320000116,right,1,0.5719525999738835,None,exp-3,001,2025-11-24_16h48.12.735,solo project,,2025.1.1,60.06438901885654,2025-11-24 16h48.23.103139 +0530,
love,positive,sweet,positive,congruent,right,158,18,7,right,1,1.3055549000273459,None,7,18,158,3,241.81773960002465,,241.81169190001674,241.81773960002465,242.31819790002191,242.31819790002191,242.4183385000215,242.40114850003738,242.50137040001573,242.51812840002822,242.51812840002822,243.83554550004192,right,1,1.3055549000273459,None,exp-3,001,2025-11-24_16h48.12.735,solo project,,2025.1.1,60.06438901885654,2025-11-24 16h48.23.103139 +0530,
sad,negative,flower,positive,incongruent,left,159,19,7,right,0,0.5861636000336148,None,7,19,159,17,243.85126070003025,,243.84526400000323,243.85126070003025,244.33453890000237,244.35145940002985,244.434648800001,244.434648800001,244.5343079000013,244.55104600003688,244.55104600003688,245.1522017000243,right,0,0.5861636000336148,None,exp-3,001,2025-11-24_16h48.12.735,solo project,,2025.1.1,60.06438901885654,2025-11-24 16h48.23.103139 +0530,
angry,negative,pain,negative,congruent,right,160,0,8,left,0,0.5832660000305623,None,8,0,160,5,245.1678847000003,,245.16095069999574,245.1678847000003,245.65106830000877,245.6678227999946,245.75124100001995,245.76777149998816,245.8677991000004,245.85114610003075,245.85114610003075,246.43551640002988,left,0,0.5832660000305623,None,exp-3,001,2025-11-24_16h48.12.735,solo project,,2025.1.1,60.06438901885654,2025-11-24 16h48.23.103139 +0530,
sad,negative,lonely,negative,congruent,right,161,1,8,left,0,0.5596951000043191,None,8,1,161,9,246.45110510004451,,246.44262089999393,246.45110510004451,246.93481140001677,246.95129510003608,247.03463250002824,247.0512133000302,247.15111330000218,247.1348572000279,247.1348572000279,247.7020671000355,left,0,0.5596951000043191,None,exp-3,001,2025-11-24_16h48.12.735,solo project,,2025.1.1,60.06438901885654,2025-11-24 16h48.23.103139 +0530,
disgust,negative,sweet,positive,incongruent,left,162,2,8,right,0,0.8913776000263169,None,8,2,162,16,247.71819260000484,,247.71271759999217,247.71819260000484,248.21793210000033,248.21793210000033,248.31820680003148,248.30141860002186,248.40131370001473,248.41786099999445,248.41786099999445,249.31852279999293,right,0,0.8913776000263169,None,exp-3,001,2025-11-24_16h48.12.735,solo project,,2025.1.1,60.06438901885654,2025-11-24 16h48.23.103139 +0530,
calm,positive,flower,positive,congruent,right,163,3,8,right,1,0.6552391000441276,None,8,3,163,4,249.33475710003404,,249.32512729999144,249.33475710003404,249.81812050001463,249.83443630003603,249.91816749999998,249.91816749999998,250.01803050003946,250.01803050003946,250.01803050003946,250.68534710002132,right,1,0.6552391000441276,None,exp-3,001,2025-11-24_16h48.12.735,solo project,,2025.1.1,60.06438901885654,2025-11-24 16h48.23.103139 +0530,
disgust,negative,rotten,negative,congruent,right,164,4,8,left,0,0.649102600000333,None,8,4,164,7,250.70153830002528,,250.692338199995,250.70153830002528,251.18492329999572,251.20121830003336,251.28474090003874,251.28474090003874,251.38452409999445,251.38452409999445,251.38452409999445,252.0355913999956,left,0,0.649102600000333,None,exp-3,001,2025-11-24_16h48.12.735,solo project,,2025.1.1,60.06438901885654,2025-11-24 16h48.23.103139 +0530,
danger,negative,warm,positive,incongruent,left,165,5,8,right,0,0.6207814000081271,None,8,5,165,19,252.05125090002548,,252.04356870002812,252.05125090002548,252.53454170003533,252.55120059999172,252.63472309999634,252.65111060003983,252.75154610001482,252.73466409998946,252.73466409998946,253.3688053000369,right,0,0.6207814000081271,None,exp-3,001,2025-11-24_16h48.12.735,solo project,,2025.1.1,60.06438901885654,2025-11-24 16h48.23.103139 +0530,
hatred,negative,war,negative,congruent,right,166,6,8,left,0,0.7761877999873832,None,8,6,166,6,253.38442270003725,,253.37824580003507,253.38442270003725,253.8844127000193,253.8844127000193,253.98447820002912,253.96813930000644,254.06786740000825,254.08453430002555,254.08453430002555,254.86912920000032,left,0,0.7761877999873832,None,exp-3,001,2025-11-24_16h48.12.735,solo project,,2025.1.1,60.06438901885654,2025-11-24 16h48.23.103139 +0530,
love,positive,sweet,positive,congruent,right,167,7,8,right,1,0.5559193000080995,None,8,7,167,3,254.88485319999745,,254.8779078000225,254.88485319999745,255.36828180000884,255.3847858000081,255.46785449999152,255.48477350000758,255.58472210000036,255.58472210000036,255.58472210000036,256.1517378000426,right,1,0.5559193000080995,None,exp-3,001,2025-11-24_16h48.12.735,solo project,,2025.1.1,60.06438901885654,2025-11-24 16h48.23.103139 +0530,
happy,positive,joy,positive,congruent,right,168,8,8,right,1,0.6092348999809474,None,8,8,168,0,256.1678765999968,,256.15697710000677,256.1678765999968,256.65121889999136,256.66803850000724,256.751187100017,256.751187100017,256.85106250003446,256.85106250003446,256.85106250003446,257.46838999999454,right,1,0.6092348999809474,None,exp-3,001,2025-11-24_16h48.12.735,solo project,,2025.1.1,60.06438901885654,2025-11-24 16h48.23.103139 +0530,
fear,negative,joy,positive,incongruent,left,169,9,8,right,0,0.49525610002456233,None,8,9,169,15,257.4844571000431,,257.47059280000394,257.4844571000431,257.96801380004035,257.98442610003985,258.0678015000303,258.0678015000303,258.16812490002485,258.16812490002485,258.16812490002485,258.6684847000288,right,0,0.49525610002456233,None,exp-3,001,2025-11-24_16h48.12.735,solo project,,2025.1.1,60.06438901885654,2025-11-24 16h48.23.103139 +0530,
smile,positive,pain,negative,incongruent,left,170,10,8,left,1,0.7377741999807768,None,8,10,170,12,258.68464200000744,,258.6754253000254,258.68464200000744,259.16781860002084,259.1844951999956,259.26774260000093,259.26774260000093,259.36795089999214,259.36795089999214,259.36795089999214,260.1177816000418,left,1,0.7377741999807768,None,exp-3,001,2025-11-24_16h48.12.735,solo project,,2025.1.1,60.06438901885654,2025-11-24 16h48.23.103139 +0530,
peace,positive,lonely,negative,incongruent,left,171,11,8,left,1,2.8567551000160165,None,8,11,171,14,260.134263999993,,260.1218472000328,260.134263999993,260.6179606000078,260.63439730001846,260.71805780002614,260.71805780002614,260.8177777000237,260.8177777000237,260.8177777000237,263.685473599995,left,1,2.8567551000160165,None,exp-3,001,2025-11-24_16h48.12.735,solo project,,2025.1.1,60.06438901885654,2025-11-24 16h48.23.103139 +0530,
fear,negative,danger,negative,congruent,right,172,12,8,left,0,0.7860508000012487,None,8,12,172,8,263.7008169000037,,263.6934930999996,263.7008169000037,264.20126770000206,264.20126770000206,264.30124040000373,264.30124040000373,264.40138190001016,264.40138190001016,264.40138190001016,265.2016464000335,left,0,0.7860508000012487,None,exp-3,001,2025-11-24_16h48.12.735,solo project,,2025.1.1,60.06438901885654,2025-11-24 16h48.23.103139 +0530,
smile,positive,peace,positive,congruent,right,173,13,8,right,1,0.6247203000239097,None,8,13,173,1,265.2180301999906,,265.20786470000166,265.2180301999906,265.70125690003624,265.71820340002887,265.80117779999273,265.80117779999273,265.9010571000399,265.9010571000399,265.9010571000399,266.5352950000088,right,1,0.6247203000239097,None,exp-3,001,2025-11-24_16h48.12.735,solo project,,2025.1.1,60.06438901885654,2025-11-24 16h48.23.103139 +0530,
happy,positive,danger,negative,incongruent,left,174,14,8,left,1,0.9001098000444472,None,8,14,174,10,266.55114930000855,,266.54632660001516,266.55114930000855,267.034622200008,267.0513532999903,267.1345779999974,267.1345779999974,267.2346232000273,267.2346232000273,267.2346232000273,268.13573080004426,left,1,0.9001098000444472,None,exp-3,001,2025-11-24_16h48.12.735,solo project,,2025.1.1,60.06438901885654,2025-11-24 16h48.23.103139 +0530,
love,positive,war,negative,incongruent,left,175,15,8,left,1,0.8098101000068709,None,8,15,175,11,268.1510527000064,,268.14042770001106,268.1510527000064,268.6345023000031,268.65109110000776,268.73459190002177,268.7513630000176,268.8510671000113,268.8510671000113,268.8510671000113,269.6690318000037,left,1,0.8098101000068709,None,exp-3,001,2025-11-24_16h48.12.735,solo project,,2025.1.1,60.06438901885654,2025-11-24 16h48.23.103139 +0530,
sad,negative,flower,positive,incongruent,left,176,16,8,right,0,0.5217118000146002,None,8,16,176,17,269.68436080001993,,269.6779639000306,269.68436080001993,270.18435009999666,270.18435009999666,270.28449039999396,270.28449039999396,270.38442970003234,270.38442970003234,270.38442970003234,270.91879840003094,right,0,0.5217118000146002,None,exp-3,001,2025-11-24_16h48.12.735,solo project,,2025.1.1,60.06438901885654,2025-11-24 16h48.23.103139 +0530,
warm,positive,rotten,negative,incongruent,left,177,17,8,left,1,0.6527949000010267,None,8,17,177,13,270.93453490000684,,270.92720700002974,270.93453490000684,271.4177264000173,271.43453410000075,271.51754410000285,271.53439939999953,271.6343820000184,271.6343820000184,271.6343820000184,272.30204550002236,left,1,0.6527949000010267,None,exp-3,001,2025-11-24_16h48.12.735,solo project,,2025.1.1,60.06438901885654,2025-11-24 16h48.23.103139 +0530,
kind,positive,warm,positive,congruent,right,178,18,8,right,1,0.7672382000018843,None,8,18,178,2,272.3174994000001,,272.31263880000915,272.3174994000001,272.81793650001055,272.81793650001055,272.9179255000199,272.9179255000199,273.0178591000149,273.0010523000383,273.0010523000383,273.7699082000181,right,1,0.7672382000018843,None,exp-3,001,2025-11-24_16h48.12.735,solo project,,2025.1.1,60.06438901885654,2025-11-24 16h48.23.103139 +0530,
hatred,negative,peace,positive,incongruent,left,179,19,8,right,0,0.5949675000156276,None,8,19,179,18,273.784203600022,,273.7770625000121,273.784203600022,274.284426600032,274.284426600032,274.3846404000069,274.3846404000069,274.48455570003716,274.48455570003716,274.48455570003716,275.08491720003076,right,0,0.5949675000156276,None,exp-3,001,2025-11-24_16h48.12.735,solo project,,2025.1.1,60.06438901885654,2025-11-24 16h48.23.103139 +0530,
happy,positive,joy,positive,congruent,right,180,0,9,right,1,0.6608513999963179,None,9,0,180,0,275.10078899998916,,275.0901182999951,275.10078899998916,275.58466880000196,275.6010733000003,275.68440970004303,275.68440970004303,275.7843055000412,275.7843055000412,275.7843055000412,276.45180460001575,right,1,0.6608513999963179,None,exp-3,001,2025-11-24_16h48.12.735,solo project,,2025.1.1,60.06438901885654,2025-11-24 16h48.23.103139 +0530,
danger,negative,warm,positive,incongruent,left,181,1,9,right,0,0.7604634999879636,None,9,1,181,19,276.4680799000198,,276.4624130000011,276.4680799000198,276.95095420000143,276.9676100999932,277.05104270001175,277.05104270001175,277.15105049998965,277.15105049998965,277.15105049998965,277.9191608999972,right,0,0.7604634999879636,None,exp-3,001,2025-11-24_16h48.12.735,solo project,,2025.1.1,60.06438901885654,2025-11-24 16h48.23.103139 +0530,
fear,negative,danger,negative,congruent,right,182,2,9,left,0,0.5137164000188932,None,9,2,182,8,277.934253000014,,277.9281908000121,277.934253000014,278.4344442000147,278.4344442000147,278.5344998000073,278.5344998000073,278.6344480999978,278.6344480999978,278.6344480999978,279.1513908000197,left,0,0.5137164000188932,None,exp-3,001,2025-11-24_16h48.12.735,solo project,,2025.1.1,60.06438901885654,2025-11-24 16h48.23.103139 +0530,
love,positive,sweet,positive,congruent,right,183,3,9,right,1,0.5589495000313036,None,9,3,183,3,279.16779139998835,,279.15702089999104,279.16779139998835,279.6509076000075,279.66793990001315,279.7509283000254,279.7509283000254,279.8511252999888,279.8511252999888,279.8511252999888,280.4182964999927,right,1,0.5589495000313036,None,exp-3,001,2025-11-24_16h48.12.735,solo project,,2025.1.1,60.06438901885654,2025-11-24 16h48.23.103139 +0530,
hatred,negative,war,negative,congruent,right,184,4,9,right,1,0.6274879000266083,None,9,4,184,6,280.4342956999899,,280.42232559999684,280.4342956999899,280.9180798000307,280.9345205000136,281.0179590000189,281.0179590000189,281.11778770003,281.11778770003,281.11778770003,281.7517785000382,right,1,0.6274879000266083,None,exp-3,001,2025-11-24_16h48.12.735,solo project,,2025.1.1,60.06438901885654,2025-11-24 16h48.23.103139 +0530,
sad,negative,flower,positive,incongruent,left,185,5,9,right,0,0.5988071000319906,None,9,5,185,17,281.7677522000158,,281.76100689999294,281.7677522000158,282.2510392999975,282.26756639999803,282.351000500028,282.351000500028,282.4509853000054,282.4509853000054,282.4509853000054,283.05180030001793,right,0,0.5988071000319906,None,exp-3,001,2025-11-24_16h48.12.735,solo project,,2025.1.1,60.06438901885654,2025-11-24 16h48.23.103139 +0530,
disgust,negative,sweet,positive,incongruent,left,186,6,9,right,0,0.622457499965094,None,9,6,186,16,283.06800999998813,,283.05934159999015,283.06800999998813,283.55088719999185,283.5677389000193,283.65103190002264,283.65103190002264,283.7512507000356,283.7512507000356,283.7512507000356,284.3851122999913,right,0,0.622457499965094,None,exp-3,001,2025-11-24_16h48.12.735,solo project,,2025.1.1,60.06438901885654,2025-11-24 16h48.23.103139 +0530,
disgust,negative,rotten,negative,congruent,right,187,7,9,left,0,0.6833052999572828,None,9,7,187,7,284.40118049999,,284.39036200003466,284.40118049999,284.8845612999867,284.90115370001877,284.9843478000257,284.9843478000257,285.0843477000017,285.0843477000017,285.0843477000017,285.7849126000074,left,0,0.6833052999572828,None,exp-3,001,2025-11-24_16h48.12.735,solo project,,2025.1.1,60.06438901885654,2025-11-24 16h48.23.103139 +0530,
calm,positive,flower,positive,congruent,right,188,8,9,right,1,0.7397289000218734,None,9,8,188,4,285.8009020999889,,285.7897271999973,285.8009020999889,286.28460870002164,286.30102920002537,286.38466640003026,286.38466640003026,286.48441370000364,286.48441370000364,286.48441370000364,287.2347473000409,right,1,0.7397289000218734,None,exp-3,001,2025-11-24_16h48.12.735,solo project,,2025.1.1,60.06438901885654,2025-11-24 16h48.23.103139 +0530,
hatred,negative,peace,positive,incongruent,left,189,9,9,right,0,0.7529193999944255,None,9,9,189,18,287.2507733000093,,287.238149300043,287.2507733000093,287.73460770002566,287.7508432000177,287.8340079000336,287.8340079000336,287.93465589999687,287.93465589999687,287.93465589999687,288.7019467999926,right,0,0.7529193999944255,None,exp-3,001,2025-11-24_16h48.12.735,solo project,,2025.1.1,60.06438901885654,2025-11-24 16h48.23.103139 +0530,
love,positive,war,negative,incongruent,left,190,10,9,left,1,0.6197151999804191,None,9,10,190,11,288.7177642000024,,288.7099758000113,288.7177642000024,289.21778980002273,289.21778980002273,289.3174768000026,289.30124659999274,289.40125620004255,289.40125620004255,289.40125620004255,290.0351495000068,left,1,0.6197151999804191,None,exp-3,001,2025-11-24_16h48.12.735,solo project,,2025.1.1,60.06438901885654,2025-11-24 16h48.23.103139 +0530,
peace,positive,lonely,negative,incongruent,left,191,11,9,left,1,0.769653900002595,None,9,11,191,14,290.0508552000392,,290.03992450004444,290.0508552000392,290.53428190003615,290.55116530001396,290.6343765000347,290.6343765000347,290.7343776000198,290.7343776000198,290.7343776000198,291.5187382000149,left,1,0.769653900002595,None,exp-3,001,2025-11-24_16h48.12.735,solo project,,2025.1.1,60.06438901885654,2025-11-24 16h48.23.103139 +0530,
smile,positive,peace,positive,congruent,right,192,12,9,right,1,0.7158074000035413,None,9,12,192,1,291.5340847999905,,291.52599570003804,291.5340847999905,292.03454480000073,292.03454480000073,292.13407060003374,292.13407060003374,292.23441959999036,292.23441959999036,292.23441959999036,292.95186150004156,right,1,0.7158074000035413,None,exp-3,001,2025-11-24_16h48.12.735,solo project,,2025.1.1,60.06438901885654,2025-11-24 16h48.23.103139 +0530,
fear,negative,joy,positive,incongruent,left,193,13,9,right,0,6.2309459000243805,None,9,13,193,15,292.9670328000211,,292.9611969999969,292.9670328000211,293.4509250000119,293.4676975000184,293.55092210002476,293.55092210002476,293.65085030003684,293.65085030003684,293.65085030003684,299.88496890000533,right,0,6.2309459000243805,None,exp-3,001,2025-11-24_16h48.12.735,solo project,,2025.1.1,60.06438901885654,2025-11-24 16h48.23.103139 +0530,
warm,positive,rotten,negative,incongruent,left,194,14,9,left,1,0.6622497999924235,None,9,14,194,13,299.9006488000159,,299.89360900002066,299.9006488000159,300.38446880003903,300.4008729000343,300.48429699998815,300.48429699998815,300.58447190001607,300.58447190001607,300.58447190001607,301.25153770000907,left,1,0.6622497999924235,None,exp-3,001,2025-11-24_16h48.12.735,solo project,,2025.1.1,60.06438901885654,2025-11-24 16h48.23.103139 +0530,
happy,positive,danger,negative,incongruent,left,195,15,9,left,1,1.2896863999776542,None,9,15,195,10,301.26781210000627,,301.2621359000332,301.26781210000627,301.75121489999583,301.7676915000193,301.8508645000402,301.8508645000402,301.9509502000292,301.9509502000292,301.9509502000292,303.2515263000387,left,1,1.2896863999776542,None,exp-3,001,2025-11-24_16h48.12.735,solo project,,2025.1.1,60.06438901885654,2025-11-24 16h48.23.103139 +0530,
kind,positive,warm,positive,congruent,right,196,16,9,right,1,0.6954116999986582,None,9,16,196,2,303.2677815000061,,303.25667189998785,303.2677815000061,303.7509904000326,303.76782410003943,303.85088270000415,303.85088270000415,303.9510110000265,303.9510110000265,303.9510110000265,304.6514517000178,right,1,0.6954116999986582,None,exp-3,001,2025-11-24_16h48.12.735,solo project,,2025.1.1,60.06438901885654,2025-11-24 16h48.23.103139 +0530,
smile,positive,pain,negative,incongruent,left,197,17,9,left,1,0.5914019000483677,None,9,17,197,12,304.6678450999898,,304.65815770003246,304.6678450999898,305.1510941000306,305.16775620001135,305.2507826000219,305.2507826000219,305.351181200007,305.351181200007,305.351181200007,305.9517550999881,left,1,0.5914019000483677,None,exp-3,001,2025-11-24_16h48.12.735,solo project,,2025.1.1,60.06438901885654,2025-11-24 16h48.23.103139 +0530,
sad,negative,lonely,negative,congruent,right,198,18,9,left,0,0.8413413999951445,None,9,18,198,9,305.96788180002477,,305.9598625000217,305.96788180002477,306.4511781000183,306.4678944000043,306.5507571999915,306.5507571999915,306.65100270003313,306.65100270003313,306.65100270003313,307.5013092000154,left,0,0.8413413999951445,None,exp-3,001,2025-11-24_16h48.12.735,solo project,,2025.1.1,60.06438901885654,2025-11-24 16h48.23.103139 +0530,
angry,negative,pain,negative,congruent,right,199,19,9,left,0,0.718392800015863,None,9,19,199,5,307.51771069999086,,307.507198300038,307.51771069999086,308.0012778000091,308.0178586000111,308.10087240004214,308.10087240004214,308.2011371999979,308.2011371999979,308.2011371999979,308.9349215000402,left,0,0.718392800015863,None,exp-3,001,2025-11-24_16h48.12.735,solo project,,2025.1.1,60.06438901885654,2025-11-24 16h48.23.103139 +0530,
